<?xml version="1.0" encoding="utf-8"?>
<linkbase xsi:schemaLocation="http://www.xbrl.org/2003/linkbase http://www.xbrl.org/2003/xbrl-linkbase-2003-12-31.xsd" xmlns:xsi="http://www.w3.org/2001/XMLSchema-instance" xmlns="http://www.xbrl.org/2003/linkbase">
  <labelLink xlink:role="http://www.xbrl.org/2003/role/link" xlink:type="extended" xmlns:xlink="http://www.w3.org/1999/xlink">
    <loc xlink:type="locator" xlink:href="54930022EOITNKSIGH56-2025-06-30.xsd#genusplc_AdjustedOperatingProfit" xlink:label="genusplc_AdjustedOperatingProfit" />
    <loc xlink:type="locator" xlink:href="54930022EOITNKSIGH56-2025-06-30.xsd#genusplc_AdjustingItemsExceptionalItems" xlink:label="genusplc_AdjustingItemsExceptionalItems" />
    <loc xlink:type="locator" xlink:href="54930022EOITNKSIGH56-2025-06-30.xsd#genusplc_ExceptionalItemsNet" xlink:label="genusplc_ExceptionalItemsNet" />
    <loc xlink:type="locator" xlink:href="54930022EOITNKSIGH56-2025-06-30.xsd#genusplc_TotalAdjustingItems" xlink:label="genusplc_TotalAdjustingItems" />
    <loc xlink:type="locator" xlink:href="54930022EOITNKSIGH56-2025-06-30.xsd#genusplc_AdjustedOperatingLossAttributableToNonControllingInterest" xlink:label="genusplc_AdjustedOperatingLossAttributableToNonControllingInterest" />
    <loc xlink:type="locator" xlink:href="54930022EOITNKSIGH56-2025-06-30.xsd#genusplc_PreTaxShareOfProfitsFromJointVenturesAndAssociatesExcludingNetIAS41ValuationMovement" xlink:label="genusplc_PreTaxShareOfProfitsFromJointVenturesAndAssociatesExcludingNetIAS41ValuationMovement" />
    <loc xlink:type="locator" xlink:href="54930022EOITNKSIGH56-2025-06-30.xsd#genusplc_AdjustedOperatingProfitIncludingJointVenturesAndAssociates" xlink:label="genusplc_AdjustedOperatingProfitIncludingJointVenturesAndAssociates" />
    <loc xlink:type="locator" xlink:href="54930022EOITNKSIGH56-2025-06-30.xsd#genusplc_AdjustedProfitBeforeTax" xlink:label="genusplc_AdjustedProfitBeforeTax" />
    <loc xlink:type="locator" xlink:href="54930022EOITNKSIGH56-2025-06-30.xsd#genusplc_BasicAdjustedEarningsPerShare" xlink:label="genusplc_BasicAdjustedEarningsPerShare" />
    <loc xlink:type="locator" xlink:href="54930022EOITNKSIGH56-2025-06-30.xsd#genusplc_DilutedAdjustedEarningsPerShare" xlink:label="genusplc_DilutedAdjustedEarningsPerShare" />
    <loc xlink:type="locator" xlink:href="54930022EOITNKSIGH56-2025-06-30.xsd#genusplc_ActuarialLossOnRetirementBenefitObligations" xlink:label="genusplc_ActuarialLossOnRetirementBenefitObligations" />
    <loc xlink:type="locator" xlink:href="54930022EOITNKSIGH56-2025-06-30.xsd#genusplc_MovementOnPensionAssetRecognitionRestriction" xlink:label="genusplc_MovementOnPensionAssetRecognitionRestriction" />
    <loc xlink:type="locator" xlink:href="54930022EOITNKSIGH56-2025-06-30.xsd#genusplc_InterestRestrictionOnIFRIC14" xlink:label="genusplc_InterestRestrictionOnIFRIC14" />
    <loc xlink:type="locator" xlink:href="54930022EOITNKSIGH56-2025-06-30.xsd#genusplc_ActuarialLossOnRetirementBenefitObligationsNetOfTax" xlink:label="genusplc_ActuarialLossOnRetirementBenefitObligationsNetOfTax" />
    <loc xlink:type="locator" xlink:href="54930022EOITNKSIGH56-2025-06-30.xsd#genusplc_MovementOnPensionAssetRecognitionRestrictionNetOfTax" xlink:label="genusplc_MovementOnPensionAssetRecognitionRestrictionNetOfTax" />
    <loc xlink:type="locator" xlink:href="54930022EOITNKSIGH56-2025-06-30.xsd#genusplc_InterestRestrictionOnIFRIC14NetOfTax" xlink:label="genusplc_InterestRestrictionOnIFRIC14NetOfTax" />
    <loc xlink:type="locator" xlink:href="54930022EOITNKSIGH56-2025-06-30.xsd#genusplc_AdjustmentArisingFromChangeInNonControllingInterestAndWrittenPutOption" xlink:label="genusplc_AdjustmentArisingFromChangeInNonControllingInterestAndWrittenPutOption" />
    <loc xlink:type="locator" xlink:href="54930022EOITNKSIGH56-2025-06-30.xsd#genusplc_CurrentDeferredConsideration" xlink:label="genusplc_CurrentDeferredConsideration" />
    <loc xlink:type="locator" xlink:href="54930022EOITNKSIGH56-2025-06-30.xsd#genusplc_Non-currentDeferredConsideration" xlink:label="genusplc_Non-currentDeferredConsideration" />
    <loc xlink:type="locator" xlink:href="https://xbrl.ifrs.org/taxonomy/2024-03-27/full_ifrs/full_ifrs-cor_2024-03-27.xsd#ifrs-full_NetAssetsLiabilities" xlink:label="ifrs-full_NetAssetsLiabilities" />
    <loc xlink:type="locator" xlink:href="54930022EOITNKSIGH56-2025-06-30.xsd#genusplc_NonControllingInterest" xlink:label="genusplc_NonControllingInterest" />
    <loc xlink:type="locator" xlink:href="54930022EOITNKSIGH56-2025-06-30.xsd#genusplc_PutOptionOverNonControllingInterest" xlink:label="genusplc_PutOptionOverNonControllingInterest" />
    <loc xlink:type="locator" xlink:href="https://xbrl.ifrs.org/taxonomy/2024-03-27/full_ifrs/full_ifrs-cor_2024-03-27.xsd#ifrs-full_NoncontrollingInterests" xlink:label="ifrs-full_NoncontrollingInterests" />
    <loc xlink:type="locator" xlink:href="54930022EOITNKSIGH56-2025-06-30.xsd#genusplc_JointVentureAndAssociateLoanInvestmentClassifiedAsInvestingActivities" xlink:label="genusplc_JointVentureAndAssociateLoanInvestmentClassifiedAsInvestingActivities" />
    <loc xlink:type="locator" xlink:href="54930022EOITNKSIGH56-2025-06-30.xsd#genusplc_AcquisitionOfXelectLimitedClassifiedAsInvestingActivities" xlink:label="genusplc_AcquisitionOfXelectLimitedClassifiedAsInvestingActivities" />
    <loc xlink:type="locator" xlink:href="54930022EOITNKSIGH56-2025-06-30.xsd#genusplc_PaymentOfDeferredConsiderationClassifiedAsInvestingActivities" xlink:label="genusplc_PaymentOfDeferredConsiderationClassifiedAsInvestingActivities" />
    <loc xlink:type="locator" xlink:href="https://xbrl.ifrs.org/taxonomy/2024-03-27/full_ifrs/full_ifrs-cor_2024-03-27.xsd#ifrs-full_CashFlowsFromUsedInInvestingActivities" xlink:label="ifrs-full_CashFlowsFromUsedInInvestingActivities" />
    <loc xlink:type="locator" xlink:href="54930022EOITNKSIGH56-2025-06-30.xsd#genusplc_PurchaseOfNonControllingInterestInDeNovoGeneticsLLCClassifiedAsFinancingActivities" xlink:label="genusplc_PurchaseOfNonControllingInterestInDeNovoGeneticsLLCClassifiedAsFinancingActivities" />
    <loc xlink:type="locator" xlink:href="https://xbrl.ifrs.org/taxonomy/2024-03-27/full_ifrs/full_ifrs-cor_2024-03-27.xsd#ifrs-full_CashFlowsFromUsedInFinancingActivities" xlink:label="ifrs-full_CashFlowsFromUsedInFinancingActivities" />
    <loc xlink:type="locator" xlink:href="https://xbrl.ifrs.org/taxonomy/2024-03-27/full_ifrs/full_ifrs-cor_2024-03-27.xsd#ifrs-full_IncreaseDecreaseInCashAndCashEquivalentsBeforeEffectOfExchangeRateChanges" xlink:label="ifrs-full_IncreaseDecreaseInCashAndCashEquivalentsBeforeEffectOfExchangeRateChanges" />
    <loc xlink:type="locator" xlink:href="54930022EOITNKSIGH56-2025-06-30.xsd#genusplc_DescriptionOfAccountingPolicyForOtherIncomeAndDeferredIncome" xlink:label="genusplc_DescriptionOfAccountingPolicyForOtherIncomeAndDeferredIncome" />
    <loc xlink:type="locator" xlink:href="54930022EOITNKSIGH56-2025-06-30.xsd#genusplc_DescriptionOfAccountingPolicyForClimateChange" xlink:label="genusplc_DescriptionOfAccountingPolicyForClimateChange" />
    <loc xlink:type="locator" xlink:href="54930022EOITNKSIGH56-2025-06-30.xsd#genusplc_DisclosureOfExceptionalItems" xlink:label="genusplc_DisclosureOfExceptionalItems" />
    <loc xlink:type="locator" xlink:href="54930022EOITNKSIGH56-2025-06-30.xsd#genusplc_DisclosureOfContractBalances" xlink:label="genusplc_DisclosureOfContractBalances" />
    <loc xlink:type="locator" xlink:href="54930022EOITNKSIGH56-2025-06-30.xsd#genusplc_DescriptionOfAccountingPolicyForContractBalances" xlink:label="genusplc_DescriptionOfAccountingPolicyForContractBalances" />
    <loc xlink:type="locator" xlink:href="54930022EOITNKSIGH56-2025-06-30.xsd#genusplc_DescriptionOfAccountingPolicyForDeferredConsideration" xlink:label="genusplc_DescriptionOfAccountingPolicyForDeferredConsideration" />
    <loc xlink:type="locator" xlink:href="54930022EOITNKSIGH56-2025-06-30.xsd#genusplc_DisclosureOfOtherGainsAndLosses" xlink:label="genusplc_DisclosureOfOtherGainsAndLosses" />
    <labelArc xlink:type="arc" xlink:from="genusplc_AdjustedOperatingProfit" xlink:to="label_genusplc_genusplcAdjustedOperatingProfit_Standard" order="1" xlink:arcrole="http://www.xbrl.org/2003/arcrole/concept-label" />
    <labelArc xlink:type="arc" xlink:from="genusplc_AdjustingItemsExceptionalItems" xlink:to="label_genusplc_genusplcAdjustingItemsExceptionalItems_Standard" order="1" xlink:arcrole="http://www.xbrl.org/2003/arcrole/concept-label" />
    <labelArc xlink:type="arc" xlink:from="genusplc_ExceptionalItemsNet" xlink:to="label_genusplc_genusplcExceptionalItemsNet_Standard" order="1" xlink:arcrole="http://www.xbrl.org/2003/arcrole/concept-label" />
    <labelArc xlink:type="arc" xlink:from="genusplc_TotalAdjustingItems" xlink:to="label_genusplc_genusplcTotalAdjustingItems_Standard" order="1" xlink:arcrole="http://www.xbrl.org/2003/arcrole/concept-label" />
    <labelArc xlink:type="arc" xlink:from="genusplc_AdjustedOperatingLossAttributableToNonControllingInterest" xlink:to="label_genusplc_genusplcAdjustedOperatingLossAttributableToNonControllingInterest_Standard" order="1" xlink:arcrole="http://www.xbrl.org/2003/arcrole/concept-label" />
    <labelArc xlink:type="arc" xlink:from="genusplc_PreTaxShareOfProfitsFromJointVenturesAndAssociatesExcludingNetIAS41ValuationMovement" xlink:to="label_genusplc_genusplcPreTaxShareOfProfitsFromJointVenturesAndAssociatesExcludingNetIAS41ValuationMovement_Standard" order="1" xlink:arcrole="http://www.xbrl.org/2003/arcrole/concept-label" />
    <labelArc xlink:type="arc" xlink:from="genusplc_AdjustedOperatingProfitIncludingJointVenturesAndAssociates" xlink:to="label_genusplc_genusplcAdjustedOperatingProfitIncludingJointVenturesAndAssociates_Standard" order="1" xlink:arcrole="http://www.xbrl.org/2003/arcrole/concept-label" />
    <labelArc xlink:type="arc" xlink:from="genusplc_AdjustedProfitBeforeTax" xlink:to="label_genusplc_genusplcAdjustedProfitBeforeTax_Standard" order="1" xlink:arcrole="http://www.xbrl.org/2003/arcrole/concept-label" />
    <labelArc xlink:type="arc" xlink:from="genusplc_BasicAdjustedEarningsPerShare" xlink:to="label_genusplc_genusplcBasicAdjustedEarningsPerShare_Standard" order="1" xlink:arcrole="http://www.xbrl.org/2003/arcrole/concept-label" />
    <labelArc xlink:type="arc" xlink:from="genusplc_DilutedAdjustedEarningsPerShare" xlink:to="label_genusplc_genusplcDilutedAdjustedEarningsPerShare_Standard" order="1" xlink:arcrole="http://www.xbrl.org/2003/arcrole/concept-label" />
    <labelArc xlink:type="arc" xlink:from="genusplc_ActuarialLossOnRetirementBenefitObligations" xlink:to="label_genusplc_genusplcActuarialLossOnRetirementBenefitObligations_Standard" order="1" xlink:arcrole="http://www.xbrl.org/2003/arcrole/concept-label" />
    <labelArc xlink:type="arc" xlink:from="genusplc_MovementOnPensionAssetRecognitionRestriction" xlink:to="label_genusplc_genusplcMovementOnPensionAssetRecognitionRestriction_Standard" order="1" xlink:arcrole="http://www.xbrl.org/2003/arcrole/concept-label" />
    <labelArc xlink:type="arc" xlink:from="genusplc_InterestRestrictionOnIFRIC14" xlink:to="label_genusplc_genusplcInterestRestrictionOnIFRIC14_Standard" order="1" xlink:arcrole="http://www.xbrl.org/2003/arcrole/concept-label" />
    <labelArc xlink:type="arc" xlink:from="genusplc_ActuarialLossOnRetirementBenefitObligationsNetOfTax" xlink:to="label_genusplc_genusplcActuarialLossOnRetirementBenefitObligationsNetOfTax_Standard" order="1" xlink:arcrole="http://www.xbrl.org/2003/arcrole/concept-label" />
    <labelArc xlink:type="arc" xlink:from="genusplc_MovementOnPensionAssetRecognitionRestrictionNetOfTax" xlink:to="label_genusplc_genusplcMovementOnPensionAssetRecognitionRestrictionNetOfTax_Standard" order="1" xlink:arcrole="http://www.xbrl.org/2003/arcrole/concept-label" />
    <labelArc xlink:type="arc" xlink:from="genusplc_InterestRestrictionOnIFRIC14NetOfTax" xlink:to="label_genusplc_genusplcInterestRestrictionOnIFRIC14NetOfTax_Standard" order="1" xlink:arcrole="http://www.xbrl.org/2003/arcrole/concept-label" />
    <labelArc xlink:type="arc" xlink:from="genusplc_AdjustmentArisingFromChangeInNonControllingInterestAndWrittenPutOption" xlink:to="label_genusplc_genusplcAdjustmentArisingFromChangeInNonControllingInterestAndWrittenPutOption_Standard" order="1" xlink:arcrole="http://www.xbrl.org/2003/arcrole/concept-label" />
    <labelArc xlink:type="arc" xlink:from="genusplc_CurrentDeferredConsideration" xlink:to="label_genusplc_genusplcCurrentDeferredConsideration_Standard" order="1" xlink:arcrole="http://www.xbrl.org/2003/arcrole/concept-label" />
    <labelArc xlink:type="arc" xlink:from="genusplc_Non-currentDeferredConsideration" xlink:to="label_genusplc_genusplcNon-currentDeferredConsideration_Standard" order="1" xlink:arcrole="http://www.xbrl.org/2003/arcrole/concept-label" />
    <labelArc xlink:type="arc" xlink:from="ifrs-full_NetAssetsLiabilities" xlink:to="label_genusplc_ifrs-fullNetAssetsLiabilities_Total" order="1" xlink:arcrole="http://www.xbrl.org/2003/arcrole/concept-label" priority="100" />
    <labelArc xlink:type="arc" xlink:from="genusplc_NonControllingInterest" xlink:to="label_genusplc_genusplcNonControllingInterest_Standard" order="1" xlink:arcrole="http://www.xbrl.org/2003/arcrole/concept-label" />
    <labelArc xlink:type="arc" xlink:from="genusplc_PutOptionOverNonControllingInterest" xlink:to="label_genusplc_genusplcPutOptionOverNonControllingInterest_Standard" order="1" xlink:arcrole="http://www.xbrl.org/2003/arcrole/concept-label" />
    <labelArc xlink:type="arc" xlink:from="ifrs-full_NoncontrollingInterests" xlink:to="label_genusplc_ifrs-fullNoncontrollingInterests_Total" order="1" xlink:arcrole="http://www.xbrl.org/2003/arcrole/concept-label" priority="100" />
    <labelArc xlink:type="arc" xlink:from="genusplc_JointVentureAndAssociateLoanInvestmentClassifiedAsInvestingActivities" xlink:to="label_genusplc_genusplcJointVentureAndAssociateLoanInvestmentClassifiedAsInvestingActivities_Standard" order="1" xlink:arcrole="http://www.xbrl.org/2003/arcrole/concept-label" />
    <labelArc xlink:type="arc" xlink:from="genusplc_AcquisitionOfXelectLimitedClassifiedAsInvestingActivities" xlink:to="label_genusplc_genusplcAcquisitionOfXelectLimitedClassifiedAsInvestingActivities_Standard" order="1" xlink:arcrole="http://www.xbrl.org/2003/arcrole/concept-label" />
    <labelArc xlink:type="arc" xlink:from="genusplc_PaymentOfDeferredConsiderationClassifiedAsInvestingActivities" xlink:to="label_genusplc_genusplcPaymentOfDeferredConsiderationClassifiedAsInvestingActivities_Standard" order="1" xlink:arcrole="http://www.xbrl.org/2003/arcrole/concept-label" />
    <labelArc xlink:type="arc" xlink:from="ifrs-full_CashFlowsFromUsedInInvestingActivities" xlink:to="label_genusplc_ifrs-fullCashFlowsFromUsedInInvestingActivities_Total" order="1" xlink:arcrole="http://www.xbrl.org/2003/arcrole/concept-label" priority="100" />
    <labelArc xlink:type="arc" xlink:from="genusplc_PurchaseOfNonControllingInterestInDeNovoGeneticsLLCClassifiedAsFinancingActivities" xlink:to="label_genusplc_genusplcPurchaseOfNonControllingInterestInDeNovoGeneticsLLCClassifiedAsFinancingActivities_Standard" order="1" xlink:arcrole="http://www.xbrl.org/2003/arcrole/concept-label" />
    <labelArc xlink:type="arc" xlink:from="ifrs-full_CashFlowsFromUsedInFinancingActivities" xlink:to="label_genusplc_ifrs-fullCashFlowsFromUsedInFinancingActivities_Total" order="1" xlink:arcrole="http://www.xbrl.org/2003/arcrole/concept-label" priority="100" />
    <labelArc xlink:type="arc" xlink:from="ifrs-full_IncreaseDecreaseInCashAndCashEquivalentsBeforeEffectOfExchangeRateChanges" xlink:to="label_genusplc_ifrs-fullIncreaseDecreaseInCashAndCashEquivalentsBeforeEffectOfExchangeRateChanges_Total" order="1" xlink:arcrole="http://www.xbrl.org/2003/arcrole/concept-label" priority="100" />
    <labelArc xlink:type="arc" xlink:from="genusplc_DescriptionOfAccountingPolicyForOtherIncomeAndDeferredIncome" xlink:to="label_genusplc_genusplcDescriptionOfAccountingPolicyForOtherIncomeAndDeferredIncome_Standard" order="1" xlink:arcrole="http://www.xbrl.org/2003/arcrole/concept-label" />
    <labelArc xlink:type="arc" xlink:from="genusplc_DescriptionOfAccountingPolicyForClimateChange" xlink:to="label_genusplc_genusplcDescriptionOfAccountingPolicyForClimateChange_Standard" order="1" xlink:arcrole="http://www.xbrl.org/2003/arcrole/concept-label" />
    <labelArc xlink:type="arc" xlink:from="genusplc_DisclosureOfExceptionalItems" xlink:to="label_genusplc_genusplcDisclosureOfExceptionalItems_Standard" order="1" xlink:arcrole="http://www.xbrl.org/2003/arcrole/concept-label" />
    <labelArc xlink:type="arc" xlink:from="genusplc_DisclosureOfContractBalances" xlink:to="label_genusplc_genusplcDisclosureOfContractBalances_Standard" order="1" xlink:arcrole="http://www.xbrl.org/2003/arcrole/concept-label" />
    <labelArc xlink:type="arc" xlink:from="genusplc_DescriptionOfAccountingPolicyForContractBalances" xlink:to="label_genusplc_genusplcDescriptionOfAccountingPolicyForContractBalances_Standard" order="1" xlink:arcrole="http://www.xbrl.org/2003/arcrole/concept-label" />
    <labelArc xlink:type="arc" xlink:from="genusplc_DescriptionOfAccountingPolicyForDeferredConsideration" xlink:to="label_genusplc_genusplcDescriptionOfAccountingPolicyForDeferredConsideration_Standard" order="1" xlink:arcrole="http://www.xbrl.org/2003/arcrole/concept-label" />
    <labelArc xlink:type="arc" xlink:from="genusplc_DisclosureOfOtherGainsAndLosses" xlink:to="label_genusplc_genusplcDisclosureOfOtherGainsAndLosses_Standard" order="1" xlink:arcrole="http://www.xbrl.org/2003/arcrole/concept-label" />
    <label xlink:label="label_genusplc_genusplcAdjustedOperatingProfit_Standard" id="genusplc_genusplcAdjustedOperatingProfit_Standard" xlink:role="http://www.xbrl.org/2003/role/label" xlink:type="resource" xml:lang="en">Adjusted operating profit</label>
    <label xlink:label="label_genusplc_genusplcAdjustingItemsExceptionalItems_Standard" id="genusplc_genusplcAdjustingItemsExceptionalItems_Standard" xlink:role="http://www.xbrl.org/2003/role/label" xlink:type="resource" xml:lang="en">Adjusting items exceptional items</label>
    <label xlink:label="label_genusplc_genusplcExceptionalItemsNet_Standard" id="genusplc_genusplcExceptionalItemsNet_Standard" xlink:role="http://www.xbrl.org/2003/role/label" xlink:type="resource" xml:lang="en">Exceptional items (net)</label>
    <label xlink:label="label_genusplc_genusplcTotalAdjustingItems_Standard" id="genusplc_genusplcTotalAdjustingItems_Standard" xlink:role="http://www.xbrl.org/2003/role/label" xlink:type="resource" xml:lang="en">Total adjusting items</label>
    <label xlink:label="label_genusplc_genusplcAdjustedOperatingLossAttributableToNonControllingInterest_Standard" id="genusplc_genusplcAdjustedOperatingLossAttributableToNonControllingInterest_Standard" xlink:role="http://www.xbrl.org/2003/role/label" xlink:type="resource" xml:lang="en">Adjusted operating loss attributable to non-controlling interest</label>
    <label xlink:label="label_genusplc_genusplcPreTaxShareOfProfitsFromJointVenturesAndAssociatesExcludingNetIAS41ValuationMovement_Standard" id="genusplc_genusplcPreTaxShareOfProfitsFromJointVenturesAndAssociatesExcludingNetIAS41ValuationMovement_Standard" xlink:role="http://www.xbrl.org/2003/role/label" xlink:type="resource" xml:lang="en">Pre-tax share of profits from joint ventures and associates excluding net IAS 41 valuation movement</label>
    <label xlink:label="label_genusplc_genusplcAdjustedOperatingProfitIncludingJointVenturesAndAssociates_Standard" id="genusplc_genusplcAdjustedOperatingProfitIncludingJointVenturesAndAssociates_Standard" xlink:role="http://www.xbrl.org/2003/role/label" xlink:type="resource" xml:lang="en">Adjusted operating profit including joint ventures and associates</label>
    <label xlink:label="label_genusplc_genusplcAdjustedProfitBeforeTax_Standard" id="genusplc_genusplcAdjustedProfitBeforeTax_Standard" xlink:role="http://www.xbrl.org/2003/role/label" xlink:type="resource" xml:lang="en">Adjusted profit before tax</label>
    <label xlink:label="label_genusplc_genusplcBasicAdjustedEarningsPerShare_Standard" id="genusplc_genusplcBasicAdjustedEarningsPerShare_Standard" xlink:role="http://www.xbrl.org/2003/role/label" xlink:type="resource" xml:lang="en">Basic adjusted earnings per share</label>
    <label xlink:label="label_genusplc_genusplcDilutedAdjustedEarningsPerShare_Standard" id="genusplc_genusplcDilutedAdjustedEarningsPerShare_Standard" xlink:role="http://www.xbrl.org/2003/role/label" xlink:type="resource" xml:lang="en">Diluted adjusted earnings per share</label>
    <label xlink:label="label_genusplc_genusplcActuarialLossOnRetirementBenefitObligations_Standard" id="genusplc_genusplcActuarialLossOnRetirementBenefitObligations_Standard" xlink:role="http://www.xbrl.org/2003/role/label" xlink:type="resource" xml:lang="en">Actuarial loss on retirement benefit obligations</label>
    <label xlink:label="label_genusplc_genusplcMovementOnPensionAssetRecognitionRestriction_Standard" id="genusplc_genusplcMovementOnPensionAssetRecognitionRestriction_Standard" xlink:role="http://www.xbrl.org/2003/role/label" xlink:type="resource" xml:lang="en">Movement on pension asset recognition restriction</label>
    <label xlink:label="label_genusplc_genusplcInterestRestrictionOnIFRIC14_Standard" id="genusplc_genusplcInterestRestrictionOnIFRIC14_Standard" xlink:role="http://www.xbrl.org/2003/role/label" xlink:type="resource" xml:lang="en">Interest restriction on IFRIC 14</label>
    <label xlink:label="label_genusplc_genusplcActuarialLossOnRetirementBenefitObligationsNetOfTax_Standard" id="genusplc_genusplcActuarialLossOnRetirementBenefitObligationsNetOfTax_Standard" xlink:role="http://www.xbrl.org/2003/role/label" xlink:type="resource" xml:lang="en">Actuarial loss on retirement benefit obligations, net of tax</label>
    <label xlink:label="label_genusplc_genusplcMovementOnPensionAssetRecognitionRestrictionNetOfTax_Standard" id="genusplc_genusplcMovementOnPensionAssetRecognitionRestrictionNetOfTax_Standard" xlink:role="http://www.xbrl.org/2003/role/label" xlink:type="resource" xml:lang="en">Movement on pension asset recognition restriction, net of tax</label>
    <label xlink:label="label_genusplc_genusplcInterestRestrictionOnIFRIC14NetOfTax_Standard" id="genusplc_genusplcInterestRestrictionOnIFRIC14NetOfTax_Standard" xlink:role="http://www.xbrl.org/2003/role/label" xlink:type="resource" xml:lang="en">Interest restriction on IFRIC 14, net of tax</label>
    <label xlink:label="label_genusplc_genusplcAdjustmentArisingFromChangeInNonControllingInterestAndWrittenPutOption_Standard" id="genusplc_genusplcAdjustmentArisingFromChangeInNonControllingInterestAndWrittenPutOption_Standard" xlink:role="http://www.xbrl.org/2003/role/label" xlink:type="resource" xml:lang="en">Adjustment arising from change in non-controlling interest and written put option</label>
    <label xlink:label="label_genusplc_genusplcCurrentDeferredConsideration_Standard" id="genusplc_genusplcCurrentDeferredConsideration_Standard" xlink:role="http://www.xbrl.org/2003/role/label" xlink:type="resource" xml:lang="en">Current deferred consideration</label>
    <label xlink:label="label_genusplc_genusplcNon-currentDeferredConsideration_Standard" id="genusplc_genusplcNon-currentDeferredConsideration_Standard" xlink:role="http://www.xbrl.org/2003/role/label" xlink:type="resource" xml:lang="en">Non-current deferred consideration</label>
    <label xlink:label="label_genusplc_ifrs-fullNetAssetsLiabilities_Total" id="genusplc_ifrs-fullNetAssetsLiabilities_Total" xlink:role="http://www.xbrl.org/2003/role/totalLabel" xlink:type="resource" xml:lang="en">NET ASSETS</label>
    <label xlink:label="label_genusplc_genusplcNonControllingInterest_Standard" id="genusplc_genusplcNonControllingInterest_Standard" xlink:role="http://www.xbrl.org/2003/role/label" xlink:type="resource" xml:lang="en">Non-controlling interest</label>
    <label xlink:label="label_genusplc_genusplcPutOptionOverNonControllingInterest_Standard" id="genusplc_genusplcPutOptionOverNonControllingInterest_Standard" xlink:role="http://www.xbrl.org/2003/role/label" xlink:type="resource" xml:lang="en">Put option over non-controlling interest</label>
    <label xlink:label="label_genusplc_ifrs-fullNoncontrollingInterests_Total" id="genusplc_ifrs-fullNoncontrollingInterests_Total" xlink:role="http://www.xbrl.org/2003/role/totalLabel" xlink:type="resource" xml:lang="en">TOTAL NON-CONTROLLING INTEREST</label>
    <label xlink:label="label_genusplc_genusplcJointVentureAndAssociateLoanInvestmentClassifiedAsInvestingActivities_Standard" id="genusplc_genusplcJointVentureAndAssociateLoanInvestmentClassifiedAsInvestingActivities_Standard" xlink:role="http://www.xbrl.org/2003/role/label" xlink:type="resource" xml:lang="en">Joint venture and associate loan investment classified as investing activities</label>
    <label xlink:label="label_genusplc_genusplcAcquisitionOfXelectLimitedClassifiedAsInvestingActivities_Standard" id="genusplc_genusplcAcquisitionOfXelectLimitedClassifiedAsInvestingActivities_Standard" xlink:role="http://www.xbrl.org/2003/role/label" xlink:type="resource" xml:lang="en">Acquisition of Xelect Limited classified as investing activities</label>
    <label xlink:label="label_genusplc_genusplcPaymentOfDeferredConsiderationClassifiedAsInvestingActivities_Standard" id="genusplc_genusplcPaymentOfDeferredConsiderationClassifiedAsInvestingActivities_Standard" xlink:role="http://www.xbrl.org/2003/role/label" xlink:type="resource" xml:lang="en">Payment of deferred consideration classified as investing activities</label>
    <label xlink:label="label_genusplc_ifrs-fullCashFlowsFromUsedInInvestingActivities_Total" id="genusplc_ifrs-fullCashFlowsFromUsedInInvestingActivities_Total" xlink:role="http://www.xbrl.org/2003/role/totalLabel" xlink:type="resource" xml:lang="en">NET CASH OUTFLOW FROM INVESTING ACTIVITIES</label>
    <label xlink:label="label_genusplc_genusplcPurchaseOfNonControllingInterestInDeNovoGeneticsLLCClassifiedAsFinancingActivities_Standard" id="genusplc_genusplcPurchaseOfNonControllingInterestInDeNovoGeneticsLLCClassifiedAsFinancingActivities_Standard" xlink:role="http://www.xbrl.org/2003/role/label" xlink:type="resource" xml:lang="en">Purchase of non-controlling interest in De Novo Genetics LLC classified as financing activities</label>
    <label xlink:label="label_genusplc_ifrs-fullCashFlowsFromUsedInFinancingActivities_Total" id="genusplc_ifrs-fullCashFlowsFromUsedInFinancingActivities_Total" xlink:role="http://www.xbrl.org/2003/role/totalLabel" xlink:type="resource" xml:lang="en">NET CASH OUTFLOW FROM FINANCING ACTIVITIES</label>
    <label xlink:label="label_genusplc_ifrs-fullIncreaseDecreaseInCashAndCashEquivalentsBeforeEffectOfExchangeRateChanges_Total" id="genusplc_ifrs-fullIncreaseDecreaseInCashAndCashEquivalentsBeforeEffectOfExchangeRateChanges_Total" xlink:role="http://www.xbrl.org/2003/role/totalLabel" xlink:type="resource" xml:lang="en">NET INCREASE IN CASH AND CASH EQUIVALENTS</label>
    <label xlink:label="label_genusplc_genusplcDescriptionOfAccountingPolicyForOtherIncomeAndDeferredIncome_Standard" id="genusplc_genusplcDescriptionOfAccountingPolicyForOtherIncomeAndDeferredIncome_Standard" xlink:role="http://www.xbrl.org/2003/role/label" xlink:type="resource" xml:lang="en">Description of accounting policy for other income and deferred income</label>
    <label xlink:label="label_genusplc_genusplcDescriptionOfAccountingPolicyForClimateChange_Standard" id="genusplc_genusplcDescriptionOfAccountingPolicyForClimateChange_Standard" xlink:role="http://www.xbrl.org/2003/role/label" xlink:type="resource" xml:lang="en">Description of accounting policy for climate change</label>
    <label xlink:label="label_genusplc_genusplcDisclosureOfExceptionalItems_Standard" id="genusplc_genusplcDisclosureOfExceptionalItems_Standard" xlink:role="http://www.xbrl.org/2003/role/label" xlink:type="resource" xml:lang="en">Disclosure of exceptional items</label>
    <label xlink:label="label_genusplc_genusplcDisclosureOfContractBalances_Standard" id="genusplc_genusplcDisclosureOfContractBalances_Standard" xlink:role="http://www.xbrl.org/2003/role/label" xlink:type="resource" xml:lang="en">Disclosure of contract balances</label>
    <label xlink:label="label_genusplc_genusplcDescriptionOfAccountingPolicyForContractBalances_Standard" id="genusplc_genusplcDescriptionOfAccountingPolicyForContractBalances_Standard" xlink:role="http://www.xbrl.org/2003/role/label" xlink:type="resource" xml:lang="en">Description of accounting policy for contract balances</label>
    <label xlink:label="label_genusplc_genusplcDescriptionOfAccountingPolicyForDeferredConsideration_Standard" id="genusplc_genusplcDescriptionOfAccountingPolicyForDeferredConsideration_Standard" xlink:role="http://www.xbrl.org/2003/role/label" xlink:type="resource" xml:lang="en">Description of accounting policy for deferred consideration</label>
    <label xlink:label="label_genusplc_genusplcDisclosureOfOtherGainsAndLosses_Standard" id="genusplc_genusplcDisclosureOfOtherGainsAndLosses_Standard" xlink:role="http://www.xbrl.org/2003/role/label" xlink:type="resource" xml:lang="en">Disclosure of other gains and losses</label>
  </labelLink>
</linkbase>