<?xml version="1.0" encoding="utf-8"?>
<linkbase xsi:schemaLocation="http://www.xbrl.org/2003/linkbase http://www.xbrl.org/2003/xbrl-linkbase-2003-12-31.xsd" xmlns:xsi="http://www.w3.org/2001/XMLSchema-instance" xmlns="http://www.xbrl.org/2003/linkbase">
  <labelLink xlink:role="http://www.xbrl.org/2003/role/link" xlink:type="extended" xmlns:xlink="http://www.w3.org/1999/xlink">
    <loc xlink:type="locator" xlink:href="213800GDSOBNKS1U1P93-2025-06-29.xsd#dfsfurnitureplc_ConsolidatedIncomeStatementAxis" xlink:label="dfsfurnitureplc_ConsolidatedIncomeStatementAxis" />
    <loc xlink:type="locator" xlink:href="213800GDSOBNKS1U1P93-2025-06-29.xsd#dfsfurnitureplc_UnderlyingMember" xlink:label="dfsfurnitureplc_UnderlyingMember" />
    <loc xlink:type="locator" xlink:href="213800GDSOBNKS1U1P93-2025-06-29.xsd#dfsfurnitureplc_NonUnderlyingMember" xlink:label="dfsfurnitureplc_NonUnderlyingMember" />
    <loc xlink:type="locator" xlink:href="213800GDSOBNKS1U1P93-2025-06-29.xsd#dfsfurnitureplc_Totalmember" xlink:label="dfsfurnitureplc_Totalmember" />
    <loc xlink:type="locator" xlink:href="213800GDSOBNKS1U1P93-2025-06-29.xsd#dfsfurnitureplc_ProfitOrLossTable" xlink:label="dfsfurnitureplc_ProfitOrLossTable" />
    <loc xlink:type="locator" xlink:href="213800GDSOBNKS1U1P93-2025-06-29.xsd#dfsfurnitureplc_ProfitOrLossLineItems" xlink:label="dfsfurnitureplc_ProfitOrLossLineItems" />
    <loc xlink:type="locator" xlink:href="213800GDSOBNKS1U1P93-2025-06-29.xsd#dfsfurnitureplc_GrossSales" xlink:label="dfsfurnitureplc_GrossSales" />
    <loc xlink:type="locator" xlink:href="https://xbrl.ifrs.org/taxonomy/2022-03-24/full_ifrs/full_ifrs-cor_2022-03-24.xsd#ifrs-full_GrossProfit" xlink:label="ifrs-full_GrossProfit" />
    <loc xlink:type="locator" xlink:href="213800GDSOBNKS1U1P93-2025-06-29.xsd#dfsfurnitureplc_SellingAndDistributionCosts" xlink:label="dfsfurnitureplc_SellingAndDistributionCosts" />
    <loc xlink:type="locator" xlink:href="213800GDSOBNKS1U1P93-2025-06-29.xsd#dfsfurnitureplc_OperatingProfitLossBeforeDepreciationAmortisationAndImpairment" xlink:label="dfsfurnitureplc_OperatingProfitLossBeforeDepreciationAmortisationAndImpairment" />
    <loc xlink:type="locator" xlink:href="213800GDSOBNKS1U1P93-2025-06-29.xsd#dfsfurnitureplc_EffectivePortionOfChangesInFairValueOfCashFlowHedges" xlink:label="dfsfurnitureplc_EffectivePortionOfChangesInFairValueOfCashFlowHedges" />
    <loc xlink:type="locator" xlink:href="213800GDSOBNKS1U1P93-2025-06-29.xsd#dfsfurnitureplc_NetChangeInFairValueOfCashFlowHedgesReclassifiedToProfitOLossRecognisedInCostOfSales" xlink:label="dfsfurnitureplc_NetChangeInFairValueOfCashFlowHedgesReclassifiedToProfitOLossRecognisedInCostOfSales" />
    <loc xlink:type="locator" xlink:href="https://xbrl.ifrs.org/taxonomy/2022-03-24/full_ifrs/full_ifrs-cor_2022-03-24.xsd#ifrs-full_NetAssetsLiabilities" xlink:label="ifrs-full_NetAssetsLiabilities" />
    <loc xlink:type="locator" xlink:href="213800GDSOBNKS1U1P93-2025-06-29.xsd#dfsfurnitureplc_EmployeeBenefitTrustShares" xlink:label="dfsfurnitureplc_EmployeeBenefitTrustShares" />
    <loc xlink:type="locator" xlink:href="213800GDSOBNKS1U1P93-2025-06-29.xsd#dfsfurnitureplc_EmployeeBenefitTrustSharesMember" xlink:label="dfsfurnitureplc_EmployeeBenefitTrustSharesMember" />
    <loc xlink:type="locator" xlink:href="213800GDSOBNKS1U1P93-2025-06-29.xsd#dfsfurnitureplc_EmployeeBenefitTrustSharesIssued" xlink:label="dfsfurnitureplc_EmployeeBenefitTrustSharesIssued" />
    <loc xlink:type="locator" xlink:href="213800GDSOBNKS1U1P93-2025-06-29.xsd#dfsfurnitureplc_ShareBasedPayments" xlink:label="dfsfurnitureplc_ShareBasedPayments" />
    <loc xlink:type="locator" xlink:href="213800GDSOBNKS1U1P93-2025-06-29.xsd#dfsfurnitureplc_AcquisitionOfPPERightOfUseAssetClassifiedAsInvestingActivities" xlink:label="dfsfurnitureplc_AcquisitionOfPPERightOfUseAssetClassifiedAsInvestingActivities" />
    <loc xlink:type="locator" xlink:href="https://xbrl.ifrs.org/taxonomy/2022-03-24/full_ifrs/full_ifrs-cor_2022-03-24.xsd#ifrs-full_CashFlowsFromUsedInInvestingActivities" xlink:label="ifrs-full_CashFlowsFromUsedInInvestingActivities" />
    <loc xlink:type="locator" xlink:href="213800GDSOBNKS1U1P93-2025-06-29.xsd#dfsfurnitureplc_InterestPaidOnLeaseLiabilitiesClassifiedAsFinancingActivities" xlink:label="dfsfurnitureplc_InterestPaidOnLeaseLiabilitiesClassifiedAsFinancingActivities" />
    <loc xlink:type="locator" xlink:href="213800GDSOBNKS1U1P93-2025-06-29.xsd#dfsfurnitureplc_NetDrawdownRepaymentOfBorrowingsClassifiedAsFinancingActivities" xlink:label="dfsfurnitureplc_NetDrawdownRepaymentOfBorrowingsClassifiedAsFinancingActivities" />
    <loc xlink:type="locator" xlink:href="213800GDSOBNKS1U1P93-2025-06-29.xsd#dfsfurnitureplc_OrdinaryDividendsPaidClassifiedAsFinancingActivities" xlink:label="dfsfurnitureplc_OrdinaryDividendsPaidClassifiedAsFinancingActivities" />
    <loc xlink:type="locator" xlink:href="https://xbrl.ifrs.org/taxonomy/2022-03-24/full_ifrs/full_ifrs-cor_2022-03-24.xsd#ifrs-full_CashFlowsFromUsedInFinancingActivities" xlink:label="ifrs-full_CashFlowsFromUsedInFinancingActivities" />
    <loc xlink:type="locator" xlink:href="https://xbrl.ifrs.org/taxonomy/2022-03-24/full_ifrs/full_ifrs-cor_2022-03-24.xsd#ifrs-full_IncreaseDecreaseInCashAndCashEquivalents" xlink:label="ifrs-full_IncreaseDecreaseInCashAndCashEquivalents" />
    <loc xlink:type="locator" xlink:href="https://xbrl.ifrs.org/taxonomy/2022-03-24/full_ifrs/full_ifrs-cor_2022-03-24.xsd#ifrs-full_CashAndCashEquivalentsIfDifferentFromStatementOfFinancialPosition" xlink:label="ifrs-full_CashAndCashEquivalentsIfDifferentFromStatementOfFinancialPosition" />
    <loc xlink:type="locator" xlink:href="213800GDSOBNKS1U1P93-2025-06-29.xsd#dfsfurnitureplc_DescriptionOfAccountingPolicyForNonDerivativeFinancialInstruments" xlink:label="dfsfurnitureplc_DescriptionOfAccountingPolicyForNonDerivativeFinancialInstruments" />
    <labelArc xlink:type="arc" xlink:from="dfsfurnitureplc_ConsolidatedIncomeStatementAxis" xlink:to="label_dfsfurnitureplc_ConsolidatedIncomeStatementAxis" order="1" xlink:arcrole="http://www.xbrl.org/2003/arcrole/concept-label" />
    <labelArc xlink:type="arc" xlink:from="dfsfurnitureplc_UnderlyingMember" xlink:to="label_dfsfurnitureplc_UnderlyingMember" order="1" xlink:arcrole="http://www.xbrl.org/2003/arcrole/concept-label" />
    <labelArc xlink:type="arc" xlink:from="dfsfurnitureplc_NonUnderlyingMember" xlink:to="label_dfsfurnitureplc_NonUnderlyingMember" order="1" xlink:arcrole="http://www.xbrl.org/2003/arcrole/concept-label" />
    <labelArc xlink:type="arc" xlink:from="dfsfurnitureplc_Totalmember" xlink:to="label_dfsfurnitureplc_Totalmember" order="1" xlink:arcrole="http://www.xbrl.org/2003/arcrole/concept-label" />
    <labelArc xlink:type="arc" xlink:from="dfsfurnitureplc_ProfitOrLossTable" xlink:to="label_dfsfurnitureplc_ProfitOrLossTable" order="1" xlink:arcrole="http://www.xbrl.org/2003/arcrole/concept-label" />
    <labelArc xlink:type="arc" xlink:from="dfsfurnitureplc_ProfitOrLossLineItems" xlink:to="label_ProfitOrLossLineItems" order="1" xlink:arcrole="http://www.xbrl.org/2003/arcrole/concept-label" />
    <labelArc xlink:type="arc" xlink:from="dfsfurnitureplc_GrossSales" xlink:to="label_dfsfurnitureplc_dfsfurnitureplcGrossSales_Standard" order="1" xlink:arcrole="http://www.xbrl.org/2003/arcrole/concept-label" />
    <labelArc xlink:type="arc" xlink:from="ifrs-full_GrossProfit" xlink:to="label_dfsfurnitureplc_ifrs-fullGrossProfit_Total" order="1" xlink:arcrole="http://www.xbrl.org/2003/arcrole/concept-label" priority="100" />
    <labelArc xlink:type="arc" xlink:from="dfsfurnitureplc_SellingAndDistributionCosts" xlink:to="label_dfsfurnitureplc_dfsfurnitureplcSellingAndDistributionCosts_Standard" order="1" xlink:arcrole="http://www.xbrl.org/2003/arcrole/concept-label" />
    <labelArc xlink:type="arc" xlink:from="dfsfurnitureplc_OperatingProfitLossBeforeDepreciationAmortisationAndImpairment" xlink:to="label_dfsfurnitureplc_dfsfurnitureplcOperatingProfitLossBeforeDepreciationAmortisationAndImpairment_Standard" order="1" xlink:arcrole="http://www.xbrl.org/2003/arcrole/concept-label" />
    <labelArc xlink:type="arc" xlink:from="dfsfurnitureplc_EffectivePortionOfChangesInFairValueOfCashFlowHedges" xlink:to="label_dfsfurnitureplc_dfsfurnitureplcEffectivePortionOfChangesInFairValueOfCashFlowHedges_Standard" order="1" xlink:arcrole="http://www.xbrl.org/2003/arcrole/concept-label" />
    <labelArc xlink:type="arc" xlink:from="dfsfurnitureplc_NetChangeInFairValueOfCashFlowHedgesReclassifiedToProfitOLossRecognisedInCostOfSales" xlink:to="label_dfsfurnitureplc_dfsfurnitureplcNetChangeInFairValueOfCashFlowHedgesReclassifiedToProfitOLossRecognisedInCostOfSales_Standard" order="1" xlink:arcrole="http://www.xbrl.org/2003/arcrole/concept-label" />
    <labelArc xlink:type="arc" xlink:from="ifrs-full_NetAssetsLiabilities" xlink:to="label_dfsfurnitureplc_ifrs-fullNetAssetsLiabilities_Total" order="1" xlink:arcrole="http://www.xbrl.org/2003/arcrole/concept-label" priority="100" />
    <labelArc xlink:type="arc" xlink:from="dfsfurnitureplc_EmployeeBenefitTrustShares" xlink:to="label_dfsfurnitureplc_dfsfurnitureplcEmployeeBenefitTrustShares_Standard" order="1" xlink:arcrole="http://www.xbrl.org/2003/arcrole/concept-label" />
    <labelArc xlink:type="arc" xlink:from="dfsfurnitureplc_EmployeeBenefitTrustSharesMember" xlink:to="label_dfsfurnitureplc_EmployeeBenefitTrustSharesMember" order="1" xlink:arcrole="http://www.xbrl.org/2003/arcrole/concept-label" />
    <labelArc xlink:type="arc" xlink:from="dfsfurnitureplc_EmployeeBenefitTrustSharesIssued" xlink:to="label_dfsfurnitureplc_dfsfurnitureplcEmployeeBenefitTrustSharesIssued_Standard" order="1" xlink:arcrole="http://www.xbrl.org/2003/arcrole/concept-label" />
    <labelArc xlink:type="arc" xlink:from="dfsfurnitureplc_ShareBasedPayments" xlink:to="label_dfsfurnitureplc_dfsfurnitureplcShareBasedPayments_Standard" order="1" xlink:arcrole="http://www.xbrl.org/2003/arcrole/concept-label" />
    <labelArc xlink:type="arc" xlink:from="dfsfurnitureplc_AcquisitionOfPPERightOfUseAssetClassifiedAsInvestingActivities" xlink:to="label_dfsfurnitureplc_dfsfurnitureplcAcquisitionOfPPERightOfUseAssetClassifiedAsInvestingActivities_Standard" order="1" xlink:arcrole="http://www.xbrl.org/2003/arcrole/concept-label" />
    <labelArc xlink:type="arc" xlink:from="ifrs-full_CashFlowsFromUsedInInvestingActivities" xlink:to="label_dfsfurnitureplc_ifrs-fullCashFlowsFromUsedInInvestingActivities_Total" order="1" xlink:arcrole="http://www.xbrl.org/2003/arcrole/concept-label" priority="100" />
    <labelArc xlink:type="arc" xlink:from="dfsfurnitureplc_InterestPaidOnLeaseLiabilitiesClassifiedAsFinancingActivities" xlink:to="label_dfsfurnitureplc_dfsfurnitureplcInterestPaidOnLeaseLiabilitiesClassifiedAsFinancingActivities_Standard" order="1" xlink:arcrole="http://www.xbrl.org/2003/arcrole/concept-label" />
    <labelArc xlink:type="arc" xlink:from="dfsfurnitureplc_NetDrawdownRepaymentOfBorrowingsClassifiedAsFinancingActivities" xlink:to="label_dfsfurnitureplc_dfsfurnitureplcNetDrawdownRepaymentOfBorrowingsClassifiedAsFinancingActivities_Standard" order="1" xlink:arcrole="http://www.xbrl.org/2003/arcrole/concept-label" />
    <labelArc xlink:type="arc" xlink:from="dfsfurnitureplc_OrdinaryDividendsPaidClassifiedAsFinancingActivities" xlink:to="label_dfsfurnitureplc_dfsfurnitureplcOrdinaryDividendsPaidClassifiedAsFinancingActivities_Standard" order="1" xlink:arcrole="http://www.xbrl.org/2003/arcrole/concept-label" />
    <labelArc xlink:type="arc" xlink:from="ifrs-full_CashFlowsFromUsedInFinancingActivities" xlink:to="label_dfsfurnitureplc_ifrs-fullCashFlowsFromUsedInFinancingActivities_Total" order="1" xlink:arcrole="http://www.xbrl.org/2003/arcrole/concept-label" priority="100" />
    <labelArc xlink:type="arc" xlink:from="ifrs-full_IncreaseDecreaseInCashAndCashEquivalents" xlink:to="label_dfsfurnitureplc_ifrs-fullIncreaseDecreaseInCashAndCashEquivalents_Total" order="1" xlink:arcrole="http://www.xbrl.org/2003/arcrole/concept-label" priority="100" />
    <labelArc xlink:type="arc" xlink:from="ifrs-full_CashAndCashEquivalentsIfDifferentFromStatementOfFinancialPosition" xlink:to="label_dfsfurnitureplc_ifrs-fullCashAndCashEquivalentsIfDifferentFromStatementOfFinancialPosition_PeriodStart" order="1" xlink:arcrole="http://www.xbrl.org/2003/arcrole/concept-label" priority="100" />
    <labelArc xlink:type="arc" xlink:from="ifrs-full_CashAndCashEquivalentsIfDifferentFromStatementOfFinancialPosition" xlink:to="label_dfsfurnitureplc_ifrs-fullCashAndCashEquivalentsIfDifferentFromStatementOfFinancialPosition_PeriodEnd" order="1" xlink:arcrole="http://www.xbrl.org/2003/arcrole/concept-label" priority="100" />
    <labelArc xlink:type="arc" xlink:from="dfsfurnitureplc_DescriptionOfAccountingPolicyForNonDerivativeFinancialInstruments" xlink:to="label_dfsfurnitureplc_dfsfurnitureplcDescriptionOfAccountingPolicyForNonDerivativeFinancialInstruments_Standard" order="1" xlink:arcrole="http://www.xbrl.org/2003/arcrole/concept-label" />
    <label xlink:label="label_dfsfurnitureplc_ConsolidatedIncomeStatementAxis" id="dfsfurnitureplc_ConsolidatedIncomeStatementAxis" xlink:role="http://www.xbrl.org/2003/role/label" xlink:type="resource" xml:lang="en">Consolidated income statement [axis]</label>
    <label xlink:label="label_dfsfurnitureplc_UnderlyingMember" id="dfsfurnitureplc_UnderlyingMember" xlink:role="http://www.xbrl.org/2003/role/label" xlink:type="resource" xml:lang="en">Underlying [member]</label>
    <label xlink:label="label_dfsfurnitureplc_NonUnderlyingMember" id="dfsfurnitureplc_NonUnderlyingMember" xlink:role="http://www.xbrl.org/2003/role/label" xlink:type="resource" xml:lang="en">Non-underlying [member]</label>
    <label xlink:label="label_dfsfurnitureplc_Totalmember" id="dfsfurnitureplc_Totalmember" xlink:role="http://www.xbrl.org/2003/role/label" xlink:type="resource" xml:lang="en">Total [member]</label>
    <label xlink:label="label_dfsfurnitureplc_ProfitOrLossTable" id="dfsfurnitureplc_ProfitOrLossTable" xlink:role="http://www.xbrl.org/2003/role/label" xlink:type="resource" xml:lang="en">Profit or loss [table]</label>
    <label xlink:label="label_ProfitOrLossLineItems" id="ProfitOrLossLineItems" xlink:role="http://www.xbrl.org/2003/role/label" xlink:type="resource" xml:lang="en">Profit or loss [line items]</label>
    <label xlink:label="label_dfsfurnitureplc_dfsfurnitureplcGrossSales_Standard" id="dfsfurnitureplc_dfsfurnitureplcGrossSales_Standard" xlink:role="http://www.xbrl.org/2003/role/label" xlink:type="resource" xml:lang="en">Gross sales</label>
    <label xlink:label="label_dfsfurnitureplc_ifrs-fullGrossProfit_Total" id="dfsfurnitureplc_ifrs-fullGrossProfit_Total" xlink:role="http://www.xbrl.org/2003/role/totalLabel" xlink:type="resource" xml:lang="en">Gross profit</label>
    <label xlink:label="label_dfsfurnitureplc_dfsfurnitureplcSellingAndDistributionCosts_Standard" id="dfsfurnitureplc_dfsfurnitureplcSellingAndDistributionCosts_Standard" xlink:role="http://www.xbrl.org/2003/role/label" xlink:type="resource" xml:lang="en">Selling and distribution costs</label>
    <label xlink:label="label_dfsfurnitureplc_dfsfurnitureplcOperatingProfitLossBeforeDepreciationAmortisationAndImpairment_Standard" id="dfsfurnitureplc_dfsfurnitureplcOperatingProfitLossBeforeDepreciationAmortisationAndImpairment_Standard" xlink:role="http://www.xbrl.org/2003/role/label" xlink:type="resource" xml:lang="en">Operating profit/(loss) before depreciation, amortisation and impairment</label>
    <label xlink:label="label_dfsfurnitureplc_dfsfurnitureplcEffectivePortionOfChangesInFairValueOfCashFlowHedges_Standard" id="dfsfurnitureplc_dfsfurnitureplcEffectivePortionOfChangesInFairValueOfCashFlowHedges_Standard" xlink:role="http://www.xbrl.org/2003/role/label" xlink:type="resource" xml:lang="en">Effective portion of changes in fair value of cash flow hedges</label>
    <label xlink:label="label_dfsfurnitureplc_dfsfurnitureplcNetChangeInFairValueOfCashFlowHedgesReclassifiedToProfitOLossRecognisedInCostOfSales_Standard" id="dfsfurnitureplc_dfsfurnitureplcNetChangeInFairValueOfCashFlowHedgesReclassifiedToProfitOLossRecognisedInCostOfSales_Standard" xlink:role="http://www.xbrl.org/2003/role/label" xlink:type="resource" xml:lang="en">Net change in fair value of cash flow hedges reclassified to profit or loss recognised in cost of sales</label>
    <label xlink:label="label_dfsfurnitureplc_ifrs-fullNetAssetsLiabilities_Total" id="dfsfurnitureplc_ifrs-fullNetAssetsLiabilities_Total" xlink:role="http://www.xbrl.org/2003/role/totalLabel" xlink:type="resource" xml:lang="en">Net assets</label>
    <label xlink:label="label_dfsfurnitureplc_dfsfurnitureplcEmployeeBenefitTrustShares_Standard" id="dfsfurnitureplc_dfsfurnitureplcEmployeeBenefitTrustShares_Standard" xlink:role="http://www.xbrl.org/2003/role/label" xlink:type="resource" xml:lang="en">Employee Benefit Trust shares</label>
    <label xlink:label="label_dfsfurnitureplc_EmployeeBenefitTrustSharesMember" id="dfsfurnitureplc_EmployeeBenefitTrustSharesMember" xlink:role="http://www.xbrl.org/2003/role/label" xlink:type="resource" xml:lang="en">Employee Benefit Trust shares [member]</label>
    <label xlink:label="label_dfsfurnitureplc_dfsfurnitureplcEmployeeBenefitTrustSharesIssued_Standard" id="dfsfurnitureplc_dfsfurnitureplcEmployeeBenefitTrustSharesIssued_Standard" xlink:role="http://www.xbrl.org/2003/role/label" xlink:type="resource" xml:lang="en">Employee Benefit Trust shares issued</label>
    <label xlink:label="label_dfsfurnitureplc_dfsfurnitureplcShareBasedPayments_Standard" id="dfsfurnitureplc_dfsfurnitureplcShareBasedPayments_Standard" xlink:role="http://www.xbrl.org/2003/role/label" xlink:type="resource" xml:lang="en">Share based payments</label>
    <label xlink:label="label_dfsfurnitureplc_dfsfurnitureplcAcquisitionOfPPERightOfUseAssetClassifiedAsInvestingActivities_Standard" id="dfsfurnitureplc_dfsfurnitureplcAcquisitionOfPPERightOfUseAssetClassifiedAsInvestingActivities_Standard" xlink:role="http://www.xbrl.org/2003/role/label" xlink:type="resource" xml:lang="en">Acquisition of PPE - right of use asset classified as investing activities</label>
    <label xlink:label="label_dfsfurnitureplc_ifrs-fullCashFlowsFromUsedInInvestingActivities_Total" id="dfsfurnitureplc_ifrs-fullCashFlowsFromUsedInInvestingActivities_Total" xlink:role="http://www.xbrl.org/2003/role/totalLabel" xlink:type="resource" xml:lang="en">Net cash used in investing activities</label>
    <label xlink:label="label_dfsfurnitureplc_dfsfurnitureplcInterestPaidOnLeaseLiabilitiesClassifiedAsFinancingActivities_Standard" id="dfsfurnitureplc_dfsfurnitureplcInterestPaidOnLeaseLiabilitiesClassifiedAsFinancingActivities_Standard" xlink:role="http://www.xbrl.org/2003/role/label" xlink:type="resource" xml:lang="en">Interest paid on lease liabilities classified as financing activities</label>
    <label xlink:label="label_dfsfurnitureplc_dfsfurnitureplcNetDrawdownRepaymentOfBorrowingsClassifiedAsFinancingActivities_Standard" id="dfsfurnitureplc_dfsfurnitureplcNetDrawdownRepaymentOfBorrowingsClassifiedAsFinancingActivities_Standard" xlink:role="http://www.xbrl.org/2003/role/label" xlink:type="resource" xml:lang="en">Net drawdown/(repayment) of borrowings classified as financing activities</label>
    <label xlink:label="label_dfsfurnitureplc_dfsfurnitureplcOrdinaryDividendsPaidClassifiedAsFinancingActivities_Standard" id="dfsfurnitureplc_dfsfurnitureplcOrdinaryDividendsPaidClassifiedAsFinancingActivities_Standard" xlink:role="http://www.xbrl.org/2003/role/label" xlink:type="resource" xml:lang="en">Ordinary dividends paid, classified as financing activities</label>
    <label xlink:label="label_dfsfurnitureplc_ifrs-fullCashFlowsFromUsedInFinancingActivities_Total" id="dfsfurnitureplc_ifrs-fullCashFlowsFromUsedInFinancingActivities_Total" xlink:role="http://www.xbrl.org/2003/role/totalLabel" xlink:type="resource" xml:lang="en">Net cash used in financing activities</label>
    <label xlink:label="label_dfsfurnitureplc_ifrs-fullIncreaseDecreaseInCashAndCashEquivalents_Total" id="dfsfurnitureplc_ifrs-fullIncreaseDecreaseInCashAndCashEquivalents_Total" xlink:role="http://www.xbrl.org/2003/role/totalLabel" xlink:type="resource" xml:lang="en">Net (decrease)/increase in cash and cash equivalents</label>
    <label xlink:label="label_dfsfurnitureplc_ifrs-fullCashAndCashEquivalentsIfDifferentFromStatementOfFinancialPosition_PeriodStart" id="dfsfurnitureplc_ifrs-fullCashAndCashEquivalentsIfDifferentFromStatementOfFinancialPosition_PeriodStart" xlink:role="http://www.xbrl.org/2003/role/periodStartLabel" xlink:type="resource" xml:lang="en">Cash and cash equivalents if different from statement of financial position</label>
    <label xlink:label="label_dfsfurnitureplc_ifrs-fullCashAndCashEquivalentsIfDifferentFromStatementOfFinancialPosition_PeriodEnd" id="dfsfurnitureplc_ifrs-fullCashAndCashEquivalentsIfDifferentFromStatementOfFinancialPosition_PeriodEnd" xlink:role="http://www.xbrl.org/2003/role/periodEndLabel" xlink:type="resource" xml:lang="en">Cash and cash equivalents if different from statement of financial position</label>
    <label xlink:label="label_dfsfurnitureplc_dfsfurnitureplcDescriptionOfAccountingPolicyForNonDerivativeFinancialInstruments_Standard" id="dfsfurnitureplc_dfsfurnitureplcDescriptionOfAccountingPolicyForNonDerivativeFinancialInstruments_Standard" xlink:role="http://www.xbrl.org/2003/role/label" xlink:type="resource" xml:lang="en">Description of accounting policy for non-derivative financial instruments</label>
  </labelLink>
</linkbase>