﻿<?xml version="1.0" encoding="utf-8"?>
<tp:taxonomyPackage xml:lang="en" xmlns:tp="http://xbrl.org/2016/taxonomy-package" xmlns:xsi="http://www.w3.org/2001/XMLSchema-instance" xsi:schemaLocation="http://xbrl.org/2016/taxonomy-package http://www.xbrl.org/2016/taxonomy-package.xsd">
  <tp:identifier>http://supermarketincomereitplc.com/xbrl/2025/20250630 (E125DBDC)</tp:identifier>
  <tp:name>2024-12-31_SUPERMARKETINCOMEREITPLC_report</tp:name>
  <tp:description>XBRL Taxonomy prepared for the European Standard Electronic Format</tp:description>
  <tp:version>2025-06-30</tp:version>
  <tp:publisher>SUPERMARKET INCOME REIT PLC</tp:publisher>
  <tp:publisherURL>http://supermarketincomereitplc.com/xbrl/2025</tp:publisherURL>
  <tp:publisherCountry>GB</tp:publisherCountry>
  <tp:publicationDate>2025-10-21</tp:publicationDate>
  <tp:entryPoints>
    <tp:entryPoint>
      <tp:name>SUPERMARKET INCOME REIT PLC XBRL Taxonomy for 2025-06-30</tp:name>
      <tp:description>SUPERMARKET INCOME REIT PLC XBRL report for 2025-06-30</tp:description>
      <tp:entryPointDocument href="http://supermarketincomereitplc.com/xbrl/2025/2138007FOINJKAM7L537-2025-06-30.xsd" />
      <tp:entryPointDocument href="https://www.esma.europa.eu/taxonomy/2024-03-27/esef_cor-lab-en.xml" />
      <tp:entryPointDocument href="https://www.esma.europa.eu/taxonomy/2024-03-27/esef_cor-gen-en.xml" />
      <tp:languages>
        <tp:language>en</tp:language>
      </tp:languages>
    </tp:entryPoint>
  </tp:entryPoints>
</tp:taxonomyPackage>