<?xml version="1.0" encoding="utf-8"?>
<linkbase xsi:schemaLocation="http://www.xbrl.org/2003/linkbase http://www.xbrl.org/2003/xbrl-linkbase-2003-12-31.xsd" xmlns:xsi="http://www.w3.org/2001/XMLSchema-instance" xmlns="http://www.xbrl.org/2003/linkbase">
  <labelLink xlink:role="http://www.xbrl.org/2003/role/link" xlink:type="extended" xmlns:xlink="http://www.w3.org/1999/xlink">
    <loc xlink:type="locator" xlink:href="549300BV85TFYXK2Y635-2025-06-30.xsd#cityoflondon_GrossFeeIncome" xlink:label="cityoflondon_GrossFeeIncome" />
    <loc xlink:type="locator" xlink:href="549300BV85TFYXK2Y635-2025-06-30.xsd#cityoflondon_CustodyFeesPayable" xlink:label="cityoflondon_CustodyFeesPayable" />
    <loc xlink:type="locator" xlink:href="https://xbrl.ifrs.org/taxonomy/2024-03-27/full_ifrs/full_ifrs-cor_2024-03-27.xsd#ifrs-full_FeeAndCommissionIncomeExpense" xlink:label="ifrs-full_FeeAndCommissionIncomeExpense" />
    <loc xlink:type="locator" xlink:href="549300BV85TFYXK2Y635-2025-06-30.xsd#cityoflondon_GainOnInvestments" xlink:label="cityoflondon_GainOnInvestments" />
    <loc xlink:type="locator" xlink:href="https://xbrl.ifrs.org/taxonomy/2024-03-27/full_ifrs/full_ifrs-cor_2024-03-27.xsd#ifrs-full_CurrentAssetsLiabilities" xlink:label="ifrs-full_CurrentAssetsLiabilities" />
    <loc xlink:type="locator" xlink:href="https://xbrl.ifrs.org/taxonomy/2024-03-27/full_ifrs/full_ifrs-cor_2024-03-27.xsd#ifrs-full_AssetsLessCurrentLiabilities" xlink:label="ifrs-full_AssetsLessCurrentLiabilities" />
    <loc xlink:type="locator" xlink:href="https://xbrl.ifrs.org/taxonomy/2024-03-27/full_ifrs/full_ifrs-cor_2024-03-27.xsd#ifrs-full_NetAssetsLiabilities" xlink:label="ifrs-full_NetAssetsLiabilities" />
    <loc xlink:type="locator" xlink:href="549300BV85TFYXK2Y635-2025-06-30.xsd#cityoflondon_ShareOptionReserve" xlink:label="cityoflondon_ShareOptionReserve" />
    <loc xlink:type="locator" xlink:href="549300BV85TFYXK2Y635-2025-06-30.xsd#cityoflondon_EIPShareReserve" xlink:label="cityoflondon_EIPShareReserve" />
    <loc xlink:type="locator" xlink:href="549300BV85TFYXK2Y635-2025-06-30.xsd#cityoflondon_ShareOptionReserveMember" xlink:label="cityoflondon_ShareOptionReserveMember" />
    <loc xlink:type="locator" xlink:href="549300BV85TFYXK2Y635-2025-06-30.xsd#cityoflondon_EIPShareReserveMember" xlink:label="cityoflondon_EIPShareReserveMember" />
    <loc xlink:type="locator" xlink:href="549300BV85TFYXK2Y635-2025-06-30.xsd#cityoflondon_ShareBasedPayment" xlink:label="cityoflondon_ShareBasedPayment" />
    <loc xlink:type="locator" xlink:href="549300BV85TFYXK2Y635-2025-06-30.xsd#cityoflondon_EIPVestingForfeiture" xlink:label="cityoflondon_EIPVestingForfeiture" />
    <loc xlink:type="locator" xlink:href="549300BV85TFYXK2Y635-2025-06-30.xsd#cityoflondon_DeferredTaxOnShareOptions" xlink:label="cityoflondon_DeferredTaxOnShareOptions" />
    <loc xlink:type="locator" xlink:href="549300BV85TFYXK2Y635-2025-06-30.xsd#cityoflondon_CurrentTaxOnShareOptions" xlink:label="cityoflondon_CurrentTaxOnShareOptions" />
    <loc xlink:type="locator" xlink:href="549300BV85TFYXK2Y635-2025-06-30.xsd#cityoflondon_AdjustmentsForDepreciationOfPropertyAndEquipment" xlink:label="cityoflondon_AdjustmentsForDepreciationOfPropertyAndEquipment" />
    <loc xlink:type="locator" xlink:href="549300BV85TFYXK2Y635-2025-06-30.xsd#cityoflondon_AdjustmentsForDepreciationOfRightOfUseAssets" xlink:label="cityoflondon_AdjustmentsForDepreciationOfRightOfUseAssets" />
    <loc xlink:type="locator" xlink:href="549300BV85TFYXK2Y635-2025-06-30.xsd#cityoflondon_AdjustmentsForEIPRelatedCharge" xlink:label="cityoflondon_AdjustmentsForEIPRelatedCharge" />
    <loc xlink:type="locator" xlink:href="549300BV85TFYXK2Y635-2025-06-30.xsd#cityoflondon_AdjustmentsForGainOnInvestments" xlink:label="cityoflondon_AdjustmentsForGainOnInvestments" />
    <loc xlink:type="locator" xlink:href="549300BV85TFYXK2Y635-2025-06-30.xsd#cityoflondon_AdjustmentsForInterestPayableOnLeasedAssets" xlink:label="cityoflondon_AdjustmentsForInterestPayableOnLeasedAssets" />
    <loc xlink:type="locator" xlink:href="https://xbrl.ifrs.org/taxonomy/2024-03-27/full_ifrs/full_ifrs-cor_2024-03-27.xsd#ifrs-full_CashFlowsFromUsedInOperationsBeforeChangesInWorkingCapital" xlink:label="ifrs-full_CashFlowsFromUsedInOperationsBeforeChangesInWorkingCapital" />
    <loc xlink:type="locator" xlink:href="https://xbrl.ifrs.org/taxonomy/2024-03-27/full_ifrs/full_ifrs-cor_2024-03-27.xsd#ifrs-full_CashFlowsFromUsedInOperations" xlink:label="ifrs-full_CashFlowsFromUsedInOperations" />
    <loc xlink:type="locator" xlink:href="549300BV85TFYXK2Y635-2025-06-30.xsd#cityoflondon_InterestPaidOnLeasedAssetsClassifiedAsOperatingActivities" xlink:label="cityoflondon_InterestPaidOnLeasedAssetsClassifiedAsOperatingActivities" />
    <loc xlink:type="locator" xlink:href="https://xbrl.ifrs.org/taxonomy/2024-03-27/full_ifrs/full_ifrs-cor_2024-03-27.xsd#ifrs-full_CashFlowsFromUsedInOperatingActivities" xlink:label="ifrs-full_CashFlowsFromUsedInOperatingActivities" />
    <loc xlink:type="locator" xlink:href="549300BV85TFYXK2Y635-2025-06-30.xsd#cityoflondon_PurchaseOfPropertyAndEquipmentAndIntangiblesClassifiedAsInvestingActivities" xlink:label="cityoflondon_PurchaseOfPropertyAndEquipmentAndIntangiblesClassifiedAsInvestingActivities" />
    <loc xlink:type="locator" xlink:href="549300BV85TFYXK2Y635-2025-06-30.xsd#cityoflondon_ProceedsFromSaleOfCurrentFinancialAssetsClassifiedAsInvestingActivities" xlink:label="cityoflondon_ProceedsFromSaleOfCurrentFinancialAssetsClassifiedAsInvestingActivities" />
    <loc xlink:type="locator" xlink:href="https://xbrl.ifrs.org/taxonomy/2024-03-27/full_ifrs/full_ifrs-cor_2024-03-27.xsd#ifrs-full_CashFlowsFromUsedInInvestingActivities" xlink:label="ifrs-full_CashFlowsFromUsedInInvestingActivities" />
    <loc xlink:type="locator" xlink:href="https://xbrl.ifrs.org/taxonomy/2024-03-27/full_ifrs/full_ifrs-cor_2024-03-27.xsd#ifrs-full_CashFlowsFromUsedInFinancingActivities" xlink:label="ifrs-full_CashFlowsFromUsedInFinancingActivities" />
    <loc xlink:type="locator" xlink:href="https://xbrl.ifrs.org/taxonomy/2024-03-27/full_ifrs/full_ifrs-cor_2024-03-27.xsd#ifrs-full_IncreaseDecreaseInCashAndCashEquivalentsBeforeEffectOfExchangeRateChanges" xlink:label="ifrs-full_IncreaseDecreaseInCashAndCashEquivalentsBeforeEffectOfExchangeRateChanges" />
    <labelArc xlink:type="arc" xlink:from="cityoflondon_GrossFeeIncome" xlink:to="label_cityoflondon_cityoflondonGrossFeeIncome_Standard" order="1" xlink:arcrole="http://www.xbrl.org/2003/arcrole/concept-label" />
    <labelArc xlink:type="arc" xlink:from="cityoflondon_CustodyFeesPayable" xlink:to="label_cityoflondon_cityoflondonCustodyFeesPayable_Standard" order="1" xlink:arcrole="http://www.xbrl.org/2003/arcrole/concept-label" />
    <labelArc xlink:type="arc" xlink:from="ifrs-full_FeeAndCommissionIncomeExpense" xlink:to="label_cityoflondon_ifrs-fullFeeAndCommissionIncomeExpense_Total" order="1" xlink:arcrole="http://www.xbrl.org/2003/arcrole/concept-label" priority="100" />
    <labelArc xlink:type="arc" xlink:from="cityoflondon_GainOnInvestments" xlink:to="label_cityoflondon_cityoflondonGainOnInvestments_Standard" order="1" xlink:arcrole="http://www.xbrl.org/2003/arcrole/concept-label" />
    <labelArc xlink:type="arc" xlink:from="ifrs-full_CurrentAssetsLiabilities" xlink:to="label_cityoflondon_ifrs-fullCurrentAssetsLiabilities_Total" order="1" xlink:arcrole="http://www.xbrl.org/2003/arcrole/concept-label" priority="100" />
    <labelArc xlink:type="arc" xlink:from="ifrs-full_AssetsLessCurrentLiabilities" xlink:to="label_cityoflondon_ifrs-fullAssetsLessCurrentLiabilities_Total" order="1" xlink:arcrole="http://www.xbrl.org/2003/arcrole/concept-label" priority="100" />
    <labelArc xlink:type="arc" xlink:from="ifrs-full_NetAssetsLiabilities" xlink:to="label_cityoflondon_ifrs-fullNetAssetsLiabilities_Total" order="1" xlink:arcrole="http://www.xbrl.org/2003/arcrole/concept-label" priority="100" />
    <labelArc xlink:type="arc" xlink:from="cityoflondon_ShareOptionReserve" xlink:to="label_cityoflondon_cityoflondonShareOptionReserve_Standard" order="1" xlink:arcrole="http://www.xbrl.org/2003/arcrole/concept-label" />
    <labelArc xlink:type="arc" xlink:from="cityoflondon_EIPShareReserve" xlink:to="label_cityoflondon_cityoflondonEIPShareReserve_Standard" order="1" xlink:arcrole="http://www.xbrl.org/2003/arcrole/concept-label" />
    <labelArc xlink:type="arc" xlink:from="cityoflondon_ShareOptionReserveMember" xlink:to="label_cityoflondon_ShareOptionReserveMember" order="1" xlink:arcrole="http://www.xbrl.org/2003/arcrole/concept-label" />
    <labelArc xlink:type="arc" xlink:from="cityoflondon_EIPShareReserveMember" xlink:to="label_cityoflondon_EIPShareReserveMember" order="1" xlink:arcrole="http://www.xbrl.org/2003/arcrole/concept-label" />
    <labelArc xlink:type="arc" xlink:from="cityoflondon_ShareBasedPayment" xlink:to="label_cityoflondon_cityoflondonShareBasedPayment_Standard" order="1" xlink:arcrole="http://www.xbrl.org/2003/arcrole/concept-label" />
    <labelArc xlink:type="arc" xlink:from="cityoflondon_EIPVestingForfeiture" xlink:to="label_cityoflondon_cityoflondonEIPVestingForfeiture_Standard" order="1" xlink:arcrole="http://www.xbrl.org/2003/arcrole/concept-label" />
    <labelArc xlink:type="arc" xlink:from="cityoflondon_DeferredTaxOnShareOptions" xlink:to="label_cityoflondon_cityoflondonDeferredTaxOnShareOptions_Standard" order="1" xlink:arcrole="http://www.xbrl.org/2003/arcrole/concept-label" />
    <labelArc xlink:type="arc" xlink:from="cityoflondon_CurrentTaxOnShareOptions" xlink:to="label_cityoflondon_cityoflondonCurrentTaxOnShareOptions_Standard" order="1" xlink:arcrole="http://www.xbrl.org/2003/arcrole/concept-label" />
    <labelArc xlink:type="arc" xlink:from="cityoflondon_AdjustmentsForDepreciationOfPropertyAndEquipment" xlink:to="label_cityoflondon_cityoflondonAdjustmentsForDepreciationOfPropertyAndEquipment_Standard" order="1" xlink:arcrole="http://www.xbrl.org/2003/arcrole/concept-label" />
    <labelArc xlink:type="arc" xlink:from="cityoflondon_AdjustmentsForDepreciationOfRightOfUseAssets" xlink:to="label_cityoflondon_cityoflondonAdjustmentsForDepreciationOfRightOfUseAssets_Standard" order="1" xlink:arcrole="http://www.xbrl.org/2003/arcrole/concept-label" />
    <labelArc xlink:type="arc" xlink:from="cityoflondon_AdjustmentsForEIPRelatedCharge" xlink:to="label_cityoflondon_cityoflondonAdjustmentsForEIPRelatedCharge_Standard" order="1" xlink:arcrole="http://www.xbrl.org/2003/arcrole/concept-label" />
    <labelArc xlink:type="arc" xlink:from="cityoflondon_AdjustmentsForGainOnInvestments" xlink:to="label_cityoflondon_cityoflondonAdjustmentsForGainOnInvestments_Standard" order="1" xlink:arcrole="http://www.xbrl.org/2003/arcrole/concept-label" />
    <labelArc xlink:type="arc" xlink:from="cityoflondon_AdjustmentsForInterestPayableOnLeasedAssets" xlink:to="label_cityoflondon_cityoflondonAdjustmentsForInterestPayableOnLeasedAssets_Standard" order="1" xlink:arcrole="http://www.xbrl.org/2003/arcrole/concept-label" />
    <labelArc xlink:type="arc" xlink:from="ifrs-full_CashFlowsFromUsedInOperationsBeforeChangesInWorkingCapital" xlink:to="label_cityoflondon_ifrs-fullCashFlowsFromUsedInOperationsBeforeChangesInWorkingCapital_Total" order="1" xlink:arcrole="http://www.xbrl.org/2003/arcrole/concept-label" priority="100" />
    <labelArc xlink:type="arc" xlink:from="ifrs-full_CashFlowsFromUsedInOperations" xlink:to="label_cityoflondon_ifrs-fullCashFlowsFromUsedInOperations_Total" order="1" xlink:arcrole="http://www.xbrl.org/2003/arcrole/concept-label" priority="100" />
    <labelArc xlink:type="arc" xlink:from="cityoflondon_InterestPaidOnLeasedAssetsClassifiedAsOperatingActivities" xlink:to="label_cityoflondon_cityoflondonInterestPaidOnLeasedAssetsClassifiedAsOperatingActivities_Standard" order="1" xlink:arcrole="http://www.xbrl.org/2003/arcrole/concept-label" />
    <labelArc xlink:type="arc" xlink:from="ifrs-full_CashFlowsFromUsedInOperatingActivities" xlink:to="label_cityoflondon_ifrs-fullCashFlowsFromUsedInOperatingActivities_Total" order="1" xlink:arcrole="http://www.xbrl.org/2003/arcrole/concept-label" priority="100" />
    <labelArc xlink:type="arc" xlink:from="cityoflondon_PurchaseOfPropertyAndEquipmentAndIntangiblesClassifiedAsInvestingActivities" xlink:to="label_cityoflondon_cityoflondonPurchaseOfPropertyAndEquipmentAndIntangiblesClassifiedAsInvestingActivities_Standard" order="1" xlink:arcrole="http://www.xbrl.org/2003/arcrole/concept-label" />
    <labelArc xlink:type="arc" xlink:from="cityoflondon_ProceedsFromSaleOfCurrentFinancialAssetsClassifiedAsInvestingActivities" xlink:to="label_cityoflondon_cityoflondonProceedsFromSaleOfCurrentFinancialAssetsClassifiedAsInvestingActivities_Standard" order="1" xlink:arcrole="http://www.xbrl.org/2003/arcrole/concept-label" />
    <labelArc xlink:type="arc" xlink:from="ifrs-full_CashFlowsFromUsedInInvestingActivities" xlink:to="label_cityoflondon_ifrs-fullCashFlowsFromUsedInInvestingActivities_Total" order="1" xlink:arcrole="http://www.xbrl.org/2003/arcrole/concept-label" priority="100" />
    <labelArc xlink:type="arc" xlink:from="ifrs-full_CashFlowsFromUsedInFinancingActivities" xlink:to="label_cityoflondon_ifrs-fullCashFlowsFromUsedInFinancingActivities_Total" order="1" xlink:arcrole="http://www.xbrl.org/2003/arcrole/concept-label" priority="100" />
    <labelArc xlink:type="arc" xlink:from="ifrs-full_IncreaseDecreaseInCashAndCashEquivalentsBeforeEffectOfExchangeRateChanges" xlink:to="label_cityoflondon_ifrs-fullIncreaseDecreaseInCashAndCashEquivalentsBeforeEffectOfExchangeRateChanges_Total" order="1" xlink:arcrole="http://www.xbrl.org/2003/arcrole/concept-label" priority="100" />
    <label xlink:label="label_cityoflondon_cityoflondonGrossFeeIncome_Standard" id="cityoflondon_cityoflondonGrossFeeIncome_Standard" xlink:role="http://www.xbrl.org/2003/role/label" xlink:type="resource" xml:lang="en">Gross fee income</label>
    <label xlink:label="label_cityoflondon_cityoflondonCustodyFeesPayable_Standard" id="cityoflondon_cityoflondonCustodyFeesPayable_Standard" xlink:role="http://www.xbrl.org/2003/role/label" xlink:type="resource" xml:lang="en">Custody fees payable</label>
    <label xlink:label="label_cityoflondon_ifrs-fullFeeAndCommissionIncomeExpense_Total" id="cityoflondon_ifrs-fullFeeAndCommissionIncomeExpense_Total" xlink:role="http://www.xbrl.org/2003/role/totalLabel" xlink:type="resource" xml:lang="en">Net fee income</label>
    <label xlink:label="label_cityoflondon_cityoflondonGainOnInvestments_Standard" id="cityoflondon_cityoflondonGainOnInvestments_Standard" xlink:role="http://www.xbrl.org/2003/role/label" xlink:type="resource" xml:lang="en">Gain on investments</label>
    <label xlink:label="label_cityoflondon_ifrs-fullCurrentAssetsLiabilities_Total" id="cityoflondon_ifrs-fullCurrentAssetsLiabilities_Total" xlink:role="http://www.xbrl.org/2003/role/totalLabel" xlink:type="resource" xml:lang="en">Net current assets</label>
    <label xlink:label="label_cityoflondon_ifrs-fullAssetsLessCurrentLiabilities_Total" id="cityoflondon_ifrs-fullAssetsLessCurrentLiabilities_Total" xlink:role="http://www.xbrl.org/2003/role/totalLabel" xlink:type="resource" xml:lang="en">Total assets less current liabilities</label>
    <label xlink:label="label_cityoflondon_ifrs-fullNetAssetsLiabilities_Total" id="cityoflondon_ifrs-fullNetAssetsLiabilities_Total" xlink:role="http://www.xbrl.org/2003/role/totalLabel" xlink:type="resource" xml:lang="en">Net assets</label>
    <label xlink:label="label_cityoflondon_cityoflondonShareOptionReserve_Standard" id="cityoflondon_cityoflondonShareOptionReserve_Standard" xlink:role="http://www.xbrl.org/2003/role/label" xlink:type="resource" xml:lang="en">Share option reserve</label>
    <label xlink:label="label_cityoflondon_cityoflondonEIPShareReserve_Standard" id="cityoflondon_cityoflondonEIPShareReserve_Standard" xlink:role="http://www.xbrl.org/2003/role/label" xlink:type="resource" xml:lang="en">EIP share reserve</label>
    <label xlink:label="label_cityoflondon_ShareOptionReserveMember" id="cityoflondon_ShareOptionReserveMember" xlink:role="http://www.xbrl.org/2003/role/label" xlink:type="resource" xml:lang="en">Share option reserve [member]</label>
    <label xlink:label="label_cityoflondon_EIPShareReserveMember" id="cityoflondon_EIPShareReserveMember" xlink:role="http://www.xbrl.org/2003/role/label" xlink:type="resource" xml:lang="en">EIP share reserve [member]</label>
    <label xlink:label="label_cityoflondon_cityoflondonShareBasedPayment_Standard" id="cityoflondon_cityoflondonShareBasedPayment_Standard" xlink:role="http://www.xbrl.org/2003/role/label" xlink:type="resource" xml:lang="en">Share-based payment</label>
    <label xlink:label="label_cityoflondon_cityoflondonEIPVestingForfeiture_Standard" id="cityoflondon_cityoflondonEIPVestingForfeiture_Standard" xlink:role="http://www.xbrl.org/2003/role/label" xlink:type="resource" xml:lang="en">EIP vesting/forfeiture</label>
    <label xlink:label="label_cityoflondon_cityoflondonDeferredTaxOnShareOptions_Standard" id="cityoflondon_cityoflondonDeferredTaxOnShareOptions_Standard" xlink:role="http://www.xbrl.org/2003/role/label" xlink:type="resource" xml:lang="en">Deferred tax on share options</label>
    <label xlink:label="label_cityoflondon_cityoflondonCurrentTaxOnShareOptions_Standard" id="cityoflondon_cityoflondonCurrentTaxOnShareOptions_Standard" xlink:role="http://www.xbrl.org/2003/role/label" xlink:type="resource" xml:lang="en">Current tax on share options</label>
    <label xlink:label="label_cityoflondon_cityoflondonAdjustmentsForDepreciationOfPropertyAndEquipment_Standard" id="cityoflondon_cityoflondonAdjustmentsForDepreciationOfPropertyAndEquipment_Standard" xlink:role="http://www.xbrl.org/2003/role/label" xlink:type="resource" xml:lang="en">Adjustments for depreciation of property and equipment</label>
    <label xlink:label="label_cityoflondon_cityoflondonAdjustmentsForDepreciationOfRightOfUseAssets_Standard" id="cityoflondon_cityoflondonAdjustmentsForDepreciationOfRightOfUseAssets_Standard" xlink:role="http://www.xbrl.org/2003/role/label" xlink:type="resource" xml:lang="en">Adjustments for depreciation of right-of-use assets</label>
    <label xlink:label="label_cityoflondon_cityoflondonAdjustmentsForEIPRelatedCharge_Standard" id="cityoflondon_cityoflondonAdjustmentsForEIPRelatedCharge_Standard" xlink:role="http://www.xbrl.org/2003/role/label" xlink:type="resource" xml:lang="en">Adjustments for EIP-related charge</label>
    <label xlink:label="label_cityoflondon_cityoflondonAdjustmentsForGainOnInvestments_Standard" id="cityoflondon_cityoflondonAdjustmentsForGainOnInvestments_Standard" xlink:role="http://www.xbrl.org/2003/role/label" xlink:type="resource" xml:lang="en">Adjustments for gain on investments</label>
    <label xlink:label="label_cityoflondon_cityoflondonAdjustmentsForInterestPayableOnLeasedAssets_Standard" id="cityoflondon_cityoflondonAdjustmentsForInterestPayableOnLeasedAssets_Standard" xlink:role="http://www.xbrl.org/2003/role/label" xlink:type="resource" xml:lang="en">Adjustments for interest payable on leased assets</label>
    <label xlink:label="label_cityoflondon_ifrs-fullCashFlowsFromUsedInOperationsBeforeChangesInWorkingCapital_Total" id="cityoflondon_ifrs-fullCashFlowsFromUsedInOperationsBeforeChangesInWorkingCapital_Total" xlink:role="http://www.xbrl.org/2003/role/totalLabel" xlink:type="resource" xml:lang="en">Cash generated from operations before changes in working capital</label>
    <label xlink:label="label_cityoflondon_ifrs-fullCashFlowsFromUsedInOperations_Total" id="cityoflondon_ifrs-fullCashFlowsFromUsedInOperations_Total" xlink:role="http://www.xbrl.org/2003/role/totalLabel" xlink:type="resource" xml:lang="en">Cash generated from operations</label>
    <label xlink:label="label_cityoflondon_cityoflondonInterestPaidOnLeasedAssetsClassifiedAsOperatingActivities_Standard" id="cityoflondon_cityoflondonInterestPaidOnLeasedAssetsClassifiedAsOperatingActivities_Standard" xlink:role="http://www.xbrl.org/2003/role/label" xlink:type="resource" xml:lang="en">Interest paid on leased assets classified as operating activities</label>
    <label xlink:label="label_cityoflondon_ifrs-fullCashFlowsFromUsedInOperatingActivities_Total" id="cityoflondon_ifrs-fullCashFlowsFromUsedInOperatingActivities_Total" xlink:role="http://www.xbrl.org/2003/role/totalLabel" xlink:type="resource" xml:lang="en">Net cash generated from operating activities</label>
    <label xlink:label="label_cityoflondon_cityoflondonPurchaseOfPropertyAndEquipmentAndIntangiblesClassifiedAsInvestingActivities_Standard" id="cityoflondon_cityoflondonPurchaseOfPropertyAndEquipmentAndIntangiblesClassifiedAsInvestingActivities_Standard" xlink:role="http://www.xbrl.org/2003/role/label" xlink:type="resource" xml:lang="en">Purchase of property and equipment and intangibles classified as investing activities</label>
    <label xlink:label="label_cityoflondon_cityoflondonProceedsFromSaleOfCurrentFinancialAssetsClassifiedAsInvestingActivities_Standard" id="cityoflondon_cityoflondonProceedsFromSaleOfCurrentFinancialAssetsClassifiedAsInvestingActivities_Standard" xlink:role="http://www.xbrl.org/2003/role/label" xlink:type="resource" xml:lang="en">Proceeds from sale of current financial assets classified as investing activities</label>
    <label xlink:label="label_cityoflondon_ifrs-fullCashFlowsFromUsedInInvestingActivities_Total" id="cityoflondon_ifrs-fullCashFlowsFromUsedInInvestingActivities_Total" xlink:role="http://www.xbrl.org/2003/role/totalLabel" xlink:type="resource" xml:lang="en">Net cash (used in)/generated from investing activities</label>
    <label xlink:label="label_cityoflondon_ifrs-fullCashFlowsFromUsedInFinancingActivities_Total" id="cityoflondon_ifrs-fullCashFlowsFromUsedInFinancingActivities_Total" xlink:role="http://www.xbrl.org/2003/role/totalLabel" xlink:type="resource" xml:lang="en">Net cash used in financing activities</label>
    <label xlink:label="label_cityoflondon_ifrs-fullIncreaseDecreaseInCashAndCashEquivalentsBeforeEffectOfExchangeRateChanges_Total" id="cityoflondon_ifrs-fullIncreaseDecreaseInCashAndCashEquivalentsBeforeEffectOfExchangeRateChanges_Total" xlink:role="http://www.xbrl.org/2003/role/totalLabel" xlink:type="resource" xml:lang="en">Net increase/(decrease) in cash and cash equivalents</label>
  </labelLink>
</linkbase>