<?xml version="1.0" encoding="utf-8"?>
<linkbase xsi:schemaLocation="http://www.xbrl.org/2003/linkbase http://www.xbrl.org/2003/xbrl-linkbase-2003-12-31.xsd" xmlns:xsi="http://www.w3.org/2001/XMLSchema-instance" xmlns="http://www.xbrl.org/2003/linkbase">
  <roleRef roleURI="http://cityoflondon.com/xbrl/2025/roles/ProfitOrLoss" xlink:href="549300BV85TFYXK2Y635-2025-06-30.xsd#ProfitOrLoss" xlink:type="simple" xmlns:xlink="http://www.w3.org/1999/xlink" />
  <roleRef roleURI="http://cityoflondon.com/xbrl/2025/roles/StatementOfFinancialPosition" xlink:href="549300BV85TFYXK2Y635-2025-06-30.xsd#StatementOfFinancialPosition" xlink:type="simple" xmlns:xlink="http://www.w3.org/1999/xlink" />
  <roleRef roleURI="http://cityoflondon.com/xbrl/2025/roles/StatementOfCashFlows" xlink:href="549300BV85TFYXK2Y635-2025-06-30.xsd#StatementOfCashFlows" xlink:type="simple" xmlns:xlink="http://www.w3.org/1999/xlink" />
  <arcroleRef arcroleURI="https://xbrl.org/2023/arcrole/summation-item" xlink:href="https://www.xbrl.org/2023/calculation-1.1.xsd#summation-item" xlink:type="simple" xmlns:xlink="http://www.w3.org/1999/xlink" />
  <calculationLink xlink:role="http://cityoflondon.com/xbrl/2025/roles/ProfitOrLoss" xlink:type="extended" xmlns:xlink="http://www.w3.org/1999/xlink">
    <loc xlink:type="locator" xlink:href="https://xbrl.ifrs.org/taxonomy/2024-03-27/full_ifrs/full_ifrs-cor_2024-03-27.xsd#ifrs-full_FeeAndCommissionIncomeExpense" xlink:label="ifrs-full_FeeAndCommissionIncomeExpense" />
    <loc xlink:type="locator" xlink:href="549300BV85TFYXK2Y635-2025-06-30.xsd#cityoflondon_GrossFeeIncome" xlink:label="cityoflondon_GrossFeeIncome" />
    <loc xlink:type="locator" xlink:href="https://xbrl.ifrs.org/taxonomy/2024-03-27/full_ifrs/full_ifrs-cor_2024-03-27.xsd#ifrs-full_OtherFeeAndCommissionExpense" xlink:label="ifrs-full_OtherFeeAndCommissionExpense" />
    <loc xlink:type="locator" xlink:href="549300BV85TFYXK2Y635-2025-06-30.xsd#cityoflondon_CustodyFeesPayable" xlink:label="cityoflondon_CustodyFeesPayable" />
    <loc xlink:type="locator" xlink:href="https://xbrl.ifrs.org/taxonomy/2024-03-27/full_ifrs/full_ifrs-cor_2024-03-27.xsd#ifrs-full_AdministrativeExpense" xlink:label="ifrs-full_AdministrativeExpense" />
    <loc xlink:type="locator" xlink:href="https://xbrl.ifrs.org/taxonomy/2024-03-27/full_ifrs/full_ifrs-cor_2024-03-27.xsd#ifrs-full_EmployeeBenefitsExpense" xlink:label="ifrs-full_EmployeeBenefitsExpense" />
    <loc xlink:type="locator" xlink:href="https://xbrl.ifrs.org/taxonomy/2024-03-27/full_ifrs/full_ifrs-cor_2024-03-27.xsd#ifrs-full_OtherExpenseByFunction" xlink:label="ifrs-full_OtherExpenseByFunction" />
    <loc xlink:type="locator" xlink:href="https://xbrl.ifrs.org/taxonomy/2024-03-27/full_ifrs/full_ifrs-cor_2024-03-27.xsd#ifrs-full_DepreciationAndAmortisationExpense" xlink:label="ifrs-full_DepreciationAndAmortisationExpense" />
    <loc xlink:type="locator" xlink:href="https://xbrl.ifrs.org/taxonomy/2024-03-27/full_ifrs/full_ifrs-cor_2024-03-27.xsd#ifrs-full_ProfitLossFromOperatingActivities" xlink:label="ifrs-full_ProfitLossFromOperatingActivities" />
    <loc xlink:type="locator" xlink:href="https://xbrl.ifrs.org/taxonomy/2024-03-27/full_ifrs/full_ifrs-cor_2024-03-27.xsd#ifrs-full_ProfitLossBeforeTax" xlink:label="ifrs-full_ProfitLossBeforeTax" />
    <loc xlink:type="locator" xlink:href="https://xbrl.ifrs.org/taxonomy/2024-03-27/full_ifrs/full_ifrs-cor_2024-03-27.xsd#ifrs-full_FinanceCosts" xlink:label="ifrs-full_FinanceCosts" />
    <loc xlink:type="locator" xlink:href="https://xbrl.ifrs.org/taxonomy/2024-03-27/full_ifrs/full_ifrs-cor_2024-03-27.xsd#ifrs-full_FinanceIncome" xlink:label="ifrs-full_FinanceIncome" />
    <loc xlink:type="locator" xlink:href="549300BV85TFYXK2Y635-2025-06-30.xsd#cityoflondon_GainOnInvestments" xlink:label="cityoflondon_GainOnInvestments" />
    <loc xlink:type="locator" xlink:href="https://xbrl.ifrs.org/taxonomy/2024-03-27/full_ifrs/full_ifrs-cor_2024-03-27.xsd#ifrs-full_ProfitLoss" xlink:label="ifrs-full_ProfitLoss" />
    <loc xlink:type="locator" xlink:href="https://xbrl.ifrs.org/taxonomy/2024-03-27/full_ifrs/full_ifrs-cor_2024-03-27.xsd#ifrs-full_IncomeTaxExpenseContinuingOperations" xlink:label="ifrs-full_IncomeTaxExpenseContinuingOperations" />
    <calculationArc xlink:type="arc" xlink:from="ifrs-full_FeeAndCommissionIncomeExpense" xlink:to="cityoflondon_GrossFeeIncome" order="3" xlink:arcrole="https://xbrl.org/2023/arcrole/summation-item" priority="1" weight="1.0" />
    <calculationArc xlink:type="arc" xlink:from="ifrs-full_FeeAndCommissionIncomeExpense" xlink:to="ifrs-full_OtherFeeAndCommissionExpense" order="3" xlink:arcrole="https://xbrl.org/2023/arcrole/summation-item" priority="1" weight="-1.0" />
    <calculationArc xlink:type="arc" xlink:from="ifrs-full_FeeAndCommissionIncomeExpense" xlink:to="cityoflondon_CustodyFeesPayable" order="3" xlink:arcrole="https://xbrl.org/2023/arcrole/summation-item" priority="1" weight="-1.0" />
    <calculationArc xlink:type="arc" xlink:from="ifrs-full_AdministrativeExpense" xlink:to="ifrs-full_EmployeeBenefitsExpense" order="7" xlink:arcrole="https://xbrl.org/2023/arcrole/summation-item" priority="1" weight="1.0" />
    <calculationArc xlink:type="arc" xlink:from="ifrs-full_AdministrativeExpense" xlink:to="ifrs-full_OtherExpenseByFunction" order="7" xlink:arcrole="https://xbrl.org/2023/arcrole/summation-item" priority="1" weight="1.0" />
    <calculationArc xlink:type="arc" xlink:from="ifrs-full_AdministrativeExpense" xlink:to="ifrs-full_DepreciationAndAmortisationExpense" order="7" xlink:arcrole="https://xbrl.org/2023/arcrole/summation-item" priority="1" weight="1.0" />
    <calculationArc xlink:type="arc" xlink:from="ifrs-full_ProfitLossFromOperatingActivities" xlink:to="ifrs-full_AdministrativeExpense" order="8" xlink:arcrole="https://xbrl.org/2023/arcrole/summation-item" priority="1" weight="-1.0" />
    <calculationArc xlink:type="arc" xlink:from="ifrs-full_ProfitLossFromOperatingActivities" xlink:to="ifrs-full_FeeAndCommissionIncomeExpense" order="8" xlink:arcrole="https://xbrl.org/2023/arcrole/summation-item" priority="1" weight="1.0" />
    <calculationArc xlink:type="arc" xlink:from="ifrs-full_ProfitLossBeforeTax" xlink:to="ifrs-full_FinanceCosts" order="12" xlink:arcrole="https://xbrl.org/2023/arcrole/summation-item" priority="1" weight="-1.0" />
    <calculationArc xlink:type="arc" xlink:from="ifrs-full_ProfitLossBeforeTax" xlink:to="ifrs-full_FinanceIncome" order="12" xlink:arcrole="https://xbrl.org/2023/arcrole/summation-item" priority="1" weight="1.0" />
    <calculationArc xlink:type="arc" xlink:from="ifrs-full_ProfitLossBeforeTax" xlink:to="ifrs-full_ProfitLossFromOperatingActivities" order="12" xlink:arcrole="https://xbrl.org/2023/arcrole/summation-item" priority="1" weight="1.0" />
    <calculationArc xlink:type="arc" xlink:from="ifrs-full_ProfitLossBeforeTax" xlink:to="cityoflondon_GainOnInvestments" order="12" xlink:arcrole="https://xbrl.org/2023/arcrole/summation-item" priority="1" weight="1.0" />
    <calculationArc xlink:type="arc" xlink:from="ifrs-full_ProfitLoss" xlink:to="ifrs-full_IncomeTaxExpenseContinuingOperations" order="14" xlink:arcrole="https://xbrl.org/2023/arcrole/summation-item" priority="1" weight="-1.0" />
    <calculationArc xlink:type="arc" xlink:from="ifrs-full_ProfitLoss" xlink:to="ifrs-full_ProfitLossBeforeTax" order="14" xlink:arcrole="https://xbrl.org/2023/arcrole/summation-item" priority="1" weight="1.0" />
  </calculationLink>
  <calculationLink xlink:role="http://cityoflondon.com/xbrl/2025/roles/StatementOfFinancialPosition" xlink:type="extended" xmlns:xlink="http://www.w3.org/1999/xlink">
    <loc xlink:type="locator" xlink:href="https://xbrl.ifrs.org/taxonomy/2024-03-27/full_ifrs/full_ifrs-cor_2024-03-27.xsd#ifrs-full_NoncurrentAssets" xlink:label="ifrs-full_NoncurrentAssets" />
    <loc xlink:type="locator" xlink:href="https://xbrl.ifrs.org/taxonomy/2024-03-27/full_ifrs/full_ifrs-cor_2024-03-27.xsd#ifrs-full_PropertyPlantAndEquipment" xlink:label="ifrs-full_PropertyPlantAndEquipment" />
    <loc xlink:type="locator" xlink:href="https://xbrl.ifrs.org/taxonomy/2024-03-27/full_ifrs/full_ifrs-cor_2024-03-27.xsd#ifrs-full_RightofuseAssets" xlink:label="ifrs-full_RightofuseAssets" />
    <loc xlink:type="locator" xlink:href="https://xbrl.ifrs.org/taxonomy/2024-03-27/full_ifrs/full_ifrs-cor_2024-03-27.xsd#ifrs-full_IntangibleAssetsAndGoodwill" xlink:label="ifrs-full_IntangibleAssetsAndGoodwill" />
    <loc xlink:type="locator" xlink:href="https://xbrl.ifrs.org/taxonomy/2024-03-27/full_ifrs/full_ifrs-cor_2024-03-27.xsd#ifrs-full_OtherNoncurrentFinancialAssets" xlink:label="ifrs-full_OtherNoncurrentFinancialAssets" />
    <loc xlink:type="locator" xlink:href="https://xbrl.ifrs.org/taxonomy/2024-03-27/full_ifrs/full_ifrs-cor_2024-03-27.xsd#ifrs-full_DeferredTaxAssets" xlink:label="ifrs-full_DeferredTaxAssets" />
    <loc xlink:type="locator" xlink:href="https://xbrl.ifrs.org/taxonomy/2024-03-27/full_ifrs/full_ifrs-cor_2024-03-27.xsd#ifrs-full_CurrentAssets" xlink:label="ifrs-full_CurrentAssets" />
    <loc xlink:type="locator" xlink:href="https://xbrl.ifrs.org/taxonomy/2024-03-27/full_ifrs/full_ifrs-cor_2024-03-27.xsd#ifrs-full_TradeAndOtherCurrentReceivables" xlink:label="ifrs-full_TradeAndOtherCurrentReceivables" />
    <loc xlink:type="locator" xlink:href="https://xbrl.ifrs.org/taxonomy/2024-03-27/full_ifrs/full_ifrs-cor_2024-03-27.xsd#ifrs-full_CurrentTaxAssets" xlink:label="ifrs-full_CurrentTaxAssets" />
    <loc xlink:type="locator" xlink:href="https://xbrl.ifrs.org/taxonomy/2024-03-27/full_ifrs/full_ifrs-cor_2024-03-27.xsd#ifrs-full_CashAndCashEquivalents" xlink:label="ifrs-full_CashAndCashEquivalents" />
    <loc xlink:type="locator" xlink:href="https://xbrl.ifrs.org/taxonomy/2024-03-27/full_ifrs/full_ifrs-cor_2024-03-27.xsd#ifrs-full_CurrentLiabilities" xlink:label="ifrs-full_CurrentLiabilities" />
    <loc xlink:type="locator" xlink:href="https://xbrl.ifrs.org/taxonomy/2024-03-27/full_ifrs/full_ifrs-cor_2024-03-27.xsd#ifrs-full_TradeAndOtherCurrentPayables" xlink:label="ifrs-full_TradeAndOtherCurrentPayables" />
    <loc xlink:type="locator" xlink:href="https://xbrl.ifrs.org/taxonomy/2024-03-27/full_ifrs/full_ifrs-cor_2024-03-27.xsd#ifrs-full_CurrentLeaseLiabilities" xlink:label="ifrs-full_CurrentLeaseLiabilities" />
    <loc xlink:type="locator" xlink:href="https://xbrl.ifrs.org/taxonomy/2024-03-27/full_ifrs/full_ifrs-cor_2024-03-27.xsd#ifrs-full_CurrentAssetsLiabilities" xlink:label="ifrs-full_CurrentAssetsLiabilities" />
    <loc xlink:type="locator" xlink:href="https://xbrl.ifrs.org/taxonomy/2024-03-27/full_ifrs/full_ifrs-cor_2024-03-27.xsd#ifrs-full_AssetsLessCurrentLiabilities" xlink:label="ifrs-full_AssetsLessCurrentLiabilities" />
    <loc xlink:type="locator" xlink:href="https://xbrl.ifrs.org/taxonomy/2024-03-27/full_ifrs/full_ifrs-cor_2024-03-27.xsd#ifrs-full_NetAssetsLiabilities" xlink:label="ifrs-full_NetAssetsLiabilities" />
    <loc xlink:type="locator" xlink:href="https://xbrl.ifrs.org/taxonomy/2024-03-27/full_ifrs/full_ifrs-cor_2024-03-27.xsd#ifrs-full_DeferredTaxLiabilities" xlink:label="ifrs-full_DeferredTaxLiabilities" />
    <loc xlink:type="locator" xlink:href="https://xbrl.ifrs.org/taxonomy/2024-03-27/full_ifrs/full_ifrs-cor_2024-03-27.xsd#ifrs-full_NoncurrentLeaseLiabilities" xlink:label="ifrs-full_NoncurrentLeaseLiabilities" />
    <loc xlink:type="locator" xlink:href="https://xbrl.ifrs.org/taxonomy/2024-03-27/full_ifrs/full_ifrs-cor_2024-03-27.xsd#ifrs-full_EquityAttributableToOwnersOfParent" xlink:label="ifrs-full_EquityAttributableToOwnersOfParent" />
    <loc xlink:type="locator" xlink:href="https://xbrl.ifrs.org/taxonomy/2024-03-27/full_ifrs/full_ifrs-cor_2024-03-27.xsd#ifrs-full_IssuedCapital" xlink:label="ifrs-full_IssuedCapital" />
    <loc xlink:type="locator" xlink:href="https://xbrl.ifrs.org/taxonomy/2024-03-27/full_ifrs/full_ifrs-cor_2024-03-27.xsd#ifrs-full_SharePremium" xlink:label="ifrs-full_SharePremium" />
    <loc xlink:type="locator" xlink:href="https://xbrl.ifrs.org/taxonomy/2024-03-27/full_ifrs/full_ifrs-cor_2024-03-27.xsd#ifrs-full_MergerReserve" xlink:label="ifrs-full_MergerReserve" />
    <loc xlink:type="locator" xlink:href="https://xbrl.ifrs.org/taxonomy/2024-03-27/full_ifrs/full_ifrs-cor_2024-03-27.xsd#ifrs-full_TreasuryShares" xlink:label="ifrs-full_TreasuryShares" />
    <loc xlink:type="locator" xlink:href="549300BV85TFYXK2Y635-2025-06-30.xsd#cityoflondon_ShareOptionReserve" xlink:label="cityoflondon_ShareOptionReserve" />
    <loc xlink:type="locator" xlink:href="549300BV85TFYXK2Y635-2025-06-30.xsd#cityoflondon_EIPShareReserve" xlink:label="cityoflondon_EIPShareReserve" />
    <loc xlink:type="locator" xlink:href="https://xbrl.ifrs.org/taxonomy/2024-03-27/full_ifrs/full_ifrs-cor_2024-03-27.xsd#ifrs-full_ReserveOfExchangeDifferencesOnTranslation" xlink:label="ifrs-full_ReserveOfExchangeDifferencesOnTranslation" />
    <loc xlink:type="locator" xlink:href="https://xbrl.ifrs.org/taxonomy/2024-03-27/full_ifrs/full_ifrs-cor_2024-03-27.xsd#ifrs-full_CapitalRedemptionReserve" xlink:label="ifrs-full_CapitalRedemptionReserve" />
    <loc xlink:type="locator" xlink:href="https://xbrl.ifrs.org/taxonomy/2024-03-27/full_ifrs/full_ifrs-cor_2024-03-27.xsd#ifrs-full_RetainedEarnings" xlink:label="ifrs-full_RetainedEarnings" />
    <loc xlink:type="locator" xlink:href="https://xbrl.ifrs.org/taxonomy/2024-03-27/full_ifrs/full_ifrs-cor_2024-03-27.xsd#ifrs-full_Equity" xlink:label="ifrs-full_Equity" />
    <calculationArc xlink:type="arc" xlink:from="ifrs-full_NoncurrentAssets" xlink:to="ifrs-full_PropertyPlantAndEquipment" order="5" xlink:arcrole="https://xbrl.org/2023/arcrole/summation-item" priority="1" weight="1.0" />
    <calculationArc xlink:type="arc" xlink:from="ifrs-full_NoncurrentAssets" xlink:to="ifrs-full_RightofuseAssets" order="5" xlink:arcrole="https://xbrl.org/2023/arcrole/summation-item" priority="1" weight="1.0" />
    <calculationArc xlink:type="arc" xlink:from="ifrs-full_NoncurrentAssets" xlink:to="ifrs-full_IntangibleAssetsAndGoodwill" order="5" xlink:arcrole="https://xbrl.org/2023/arcrole/summation-item" priority="1" weight="1.0" />
    <calculationArc xlink:type="arc" xlink:from="ifrs-full_NoncurrentAssets" xlink:to="ifrs-full_OtherNoncurrentFinancialAssets" order="5" xlink:arcrole="https://xbrl.org/2023/arcrole/summation-item" priority="1" weight="1.0" />
    <calculationArc xlink:type="arc" xlink:from="ifrs-full_NoncurrentAssets" xlink:to="ifrs-full_DeferredTaxAssets" order="5" xlink:arcrole="https://xbrl.org/2023/arcrole/summation-item" priority="1" weight="1.0" />
    <calculationArc xlink:type="arc" xlink:from="ifrs-full_CurrentAssets" xlink:to="ifrs-full_TradeAndOtherCurrentReceivables" order="9" xlink:arcrole="https://xbrl.org/2023/arcrole/summation-item" priority="1" weight="1.0" />
    <calculationArc xlink:type="arc" xlink:from="ifrs-full_CurrentAssets" xlink:to="ifrs-full_CurrentTaxAssets" order="9" xlink:arcrole="https://xbrl.org/2023/arcrole/summation-item" priority="1" weight="1.0" />
    <calculationArc xlink:type="arc" xlink:from="ifrs-full_CurrentAssets" xlink:to="ifrs-full_CashAndCashEquivalents" order="9" xlink:arcrole="https://xbrl.org/2023/arcrole/summation-item" priority="1" weight="1.0" />
    <calculationArc xlink:type="arc" xlink:from="ifrs-full_CurrentLiabilities" xlink:to="ifrs-full_TradeAndOtherCurrentPayables" order="12" xlink:arcrole="https://xbrl.org/2023/arcrole/summation-item" priority="1" weight="1.0" />
    <calculationArc xlink:type="arc" xlink:from="ifrs-full_CurrentLiabilities" xlink:to="ifrs-full_CurrentLeaseLiabilities" order="12" xlink:arcrole="https://xbrl.org/2023/arcrole/summation-item" priority="1" weight="1.0" />
    <calculationArc xlink:type="arc" xlink:from="ifrs-full_CurrentAssetsLiabilities" xlink:to="ifrs-full_CurrentLiabilities" order="13" xlink:arcrole="https://xbrl.org/2023/arcrole/summation-item" priority="1" weight="-1.0" />
    <calculationArc xlink:type="arc" xlink:from="ifrs-full_CurrentAssetsLiabilities" xlink:to="ifrs-full_CurrentAssets" order="13" xlink:arcrole="https://xbrl.org/2023/arcrole/summation-item" priority="1" weight="1.0" />
    <calculationArc xlink:type="arc" xlink:from="ifrs-full_AssetsLessCurrentLiabilities" xlink:to="ifrs-full_CurrentAssetsLiabilities" order="14" xlink:arcrole="https://xbrl.org/2023/arcrole/summation-item" priority="1" weight="1.0" />
    <calculationArc xlink:type="arc" xlink:from="ifrs-full_AssetsLessCurrentLiabilities" xlink:to="ifrs-full_NoncurrentAssets" order="14" xlink:arcrole="https://xbrl.org/2023/arcrole/summation-item" priority="1" weight="1.0" />
    <calculationArc xlink:type="arc" xlink:from="ifrs-full_NetAssetsLiabilities" xlink:to="ifrs-full_DeferredTaxLiabilities" order="17" xlink:arcrole="https://xbrl.org/2023/arcrole/summation-item" priority="1" weight="-1.0" />
    <calculationArc xlink:type="arc" xlink:from="ifrs-full_NetAssetsLiabilities" xlink:to="ifrs-full_NoncurrentLeaseLiabilities" order="17" xlink:arcrole="https://xbrl.org/2023/arcrole/summation-item" priority="1" weight="-1.0" />
    <calculationArc xlink:type="arc" xlink:from="ifrs-full_NetAssetsLiabilities" xlink:to="ifrs-full_NoncurrentAssets" order="17" xlink:arcrole="https://xbrl.org/2023/arcrole/summation-item" priority="1" weight="1.0" />
    <calculationArc xlink:type="arc" xlink:from="ifrs-full_NetAssetsLiabilities" xlink:to="ifrs-full_CurrentAssets" order="17" xlink:arcrole="https://xbrl.org/2023/arcrole/summation-item" priority="1" weight="1.0" />
    <calculationArc xlink:type="arc" xlink:from="ifrs-full_NetAssetsLiabilities" xlink:to="ifrs-full_CurrentLiabilities" order="17" xlink:arcrole="https://xbrl.org/2023/arcrole/summation-item" priority="1" weight="-1.0" />
    <calculationArc xlink:type="arc" xlink:from="ifrs-full_EquityAttributableToOwnersOfParent" xlink:to="ifrs-full_IssuedCapital" order="27" xlink:arcrole="https://xbrl.org/2023/arcrole/summation-item" priority="1" weight="1.0" />
    <calculationArc xlink:type="arc" xlink:from="ifrs-full_EquityAttributableToOwnersOfParent" xlink:to="ifrs-full_SharePremium" order="27" xlink:arcrole="https://xbrl.org/2023/arcrole/summation-item" priority="1" weight="1.0" />
    <calculationArc xlink:type="arc" xlink:from="ifrs-full_EquityAttributableToOwnersOfParent" xlink:to="ifrs-full_MergerReserve" order="27" xlink:arcrole="https://xbrl.org/2023/arcrole/summation-item" priority="1" weight="1.0" />
    <calculationArc xlink:type="arc" xlink:from="ifrs-full_EquityAttributableToOwnersOfParent" xlink:to="ifrs-full_TreasuryShares" order="27" xlink:arcrole="https://xbrl.org/2023/arcrole/summation-item" priority="1" weight="-1.0" />
    <calculationArc xlink:type="arc" xlink:from="ifrs-full_EquityAttributableToOwnersOfParent" xlink:to="cityoflondon_ShareOptionReserve" order="27" xlink:arcrole="https://xbrl.org/2023/arcrole/summation-item" priority="1" weight="1.0" />
    <calculationArc xlink:type="arc" xlink:from="ifrs-full_EquityAttributableToOwnersOfParent" xlink:to="cityoflondon_EIPShareReserve" order="27" xlink:arcrole="https://xbrl.org/2023/arcrole/summation-item" priority="1" weight="1.0" />
    <calculationArc xlink:type="arc" xlink:from="ifrs-full_EquityAttributableToOwnersOfParent" xlink:to="ifrs-full_ReserveOfExchangeDifferencesOnTranslation" order="27" xlink:arcrole="https://xbrl.org/2023/arcrole/summation-item" priority="1" weight="1.0" />
    <calculationArc xlink:type="arc" xlink:from="ifrs-full_EquityAttributableToOwnersOfParent" xlink:to="ifrs-full_CapitalRedemptionReserve" order="27" xlink:arcrole="https://xbrl.org/2023/arcrole/summation-item" priority="1" weight="1.0" />
    <calculationArc xlink:type="arc" xlink:from="ifrs-full_EquityAttributableToOwnersOfParent" xlink:to="ifrs-full_RetainedEarnings" order="27" xlink:arcrole="https://xbrl.org/2023/arcrole/summation-item" priority="1" weight="1.0" />
    <calculationArc xlink:type="arc" xlink:from="ifrs-full_Equity" xlink:to="ifrs-full_EquityAttributableToOwnersOfParent" order="28" xlink:arcrole="https://xbrl.org/2023/arcrole/summation-item" priority="1" weight="1.0" />
  </calculationLink>
  <calculationLink xlink:role="http://cityoflondon.com/xbrl/2025/roles/StatementOfCashFlows" xlink:type="extended" xmlns:xlink="http://www.w3.org/1999/xlink">
    <loc xlink:type="locator" xlink:href="https://xbrl.ifrs.org/taxonomy/2024-03-27/full_ifrs/full_ifrs-cor_2024-03-27.xsd#ifrs-full_CashFlowsFromUsedInOperationsBeforeChangesInWorkingCapital" xlink:label="ifrs-full_CashFlowsFromUsedInOperationsBeforeChangesInWorkingCapital" />
    <loc xlink:type="locator" xlink:href="https://xbrl.ifrs.org/taxonomy/2024-03-27/full_ifrs/full_ifrs-cor_2024-03-27.xsd#ifrs-full_AdjustmentsForUnrealisedForeignExchangeLossesGains" xlink:label="ifrs-full_AdjustmentsForUnrealisedForeignExchangeLossesGains" />
    <loc xlink:type="locator" xlink:href="https://xbrl.ifrs.org/taxonomy/2024-03-27/full_ifrs/full_ifrs-cor_2024-03-27.xsd#ifrs-full_AdjustmentsForSharebasedPayments" xlink:label="ifrs-full_AdjustmentsForSharebasedPayments" />
    <loc xlink:type="locator" xlink:href="549300BV85TFYXK2Y635-2025-06-30.xsd#cityoflondon_AdjustmentsForEIPRelatedCharge" xlink:label="cityoflondon_AdjustmentsForEIPRelatedCharge" />
    <loc xlink:type="locator" xlink:href="549300BV85TFYXK2Y635-2025-06-30.xsd#cityoflondon_AdjustmentsForGainOnInvestments" xlink:label="cityoflondon_AdjustmentsForGainOnInvestments" />
    <loc xlink:type="locator" xlink:href="https://xbrl.ifrs.org/taxonomy/2024-03-27/full_ifrs/full_ifrs-cor_2024-03-27.xsd#ifrs-full_AdjustmentsForInterestIncome" xlink:label="ifrs-full_AdjustmentsForInterestIncome" />
    <loc xlink:type="locator" xlink:href="549300BV85TFYXK2Y635-2025-06-30.xsd#cityoflondon_AdjustmentsForInterestPayableOnLeasedAssets" xlink:label="cityoflondon_AdjustmentsForInterestPayableOnLeasedAssets" />
    <loc xlink:type="locator" xlink:href="https://xbrl.ifrs.org/taxonomy/2024-03-27/full_ifrs/full_ifrs-cor_2024-03-27.xsd#ifrs-full_AdjustmentsForInterestExpense" xlink:label="ifrs-full_AdjustmentsForInterestExpense" />
    <loc xlink:type="locator" xlink:href="https://xbrl.ifrs.org/taxonomy/2024-03-27/full_ifrs/full_ifrs-cor_2024-03-27.xsd#ifrs-full_ProfitLossBeforeTax" xlink:label="ifrs-full_ProfitLossBeforeTax" />
    <loc xlink:type="locator" xlink:href="549300BV85TFYXK2Y635-2025-06-30.xsd#cityoflondon_AdjustmentsForDepreciationOfPropertyAndEquipment" xlink:label="cityoflondon_AdjustmentsForDepreciationOfPropertyAndEquipment" />
    <loc xlink:type="locator" xlink:href="549300BV85TFYXK2Y635-2025-06-30.xsd#cityoflondon_AdjustmentsForDepreciationOfRightOfUseAssets" xlink:label="cityoflondon_AdjustmentsForDepreciationOfRightOfUseAssets" />
    <loc xlink:type="locator" xlink:href="https://xbrl.ifrs.org/taxonomy/2024-03-27/full_ifrs/full_ifrs-cor_2024-03-27.xsd#ifrs-full_AdjustmentsForAmortisationExpense" xlink:label="ifrs-full_AdjustmentsForAmortisationExpense" />
    <loc xlink:type="locator" xlink:href="https://xbrl.ifrs.org/taxonomy/2024-03-27/full_ifrs/full_ifrs-cor_2024-03-27.xsd#ifrs-full_CashFlowsFromUsedInOperations" xlink:label="ifrs-full_CashFlowsFromUsedInOperations" />
    <loc xlink:type="locator" xlink:href="https://xbrl.ifrs.org/taxonomy/2024-03-27/full_ifrs/full_ifrs-cor_2024-03-27.xsd#ifrs-full_AdjustmentsForDecreaseIncreaseInTradeAndOtherReceivables" xlink:label="ifrs-full_AdjustmentsForDecreaseIncreaseInTradeAndOtherReceivables" />
    <loc xlink:type="locator" xlink:href="https://xbrl.ifrs.org/taxonomy/2024-03-27/full_ifrs/full_ifrs-cor_2024-03-27.xsd#ifrs-full_AdjustmentsForIncreaseDecreaseInTradeAndOtherPayables" xlink:label="ifrs-full_AdjustmentsForIncreaseDecreaseInTradeAndOtherPayables" />
    <loc xlink:type="locator" xlink:href="https://xbrl.ifrs.org/taxonomy/2024-03-27/full_ifrs/full_ifrs-cor_2024-03-27.xsd#ifrs-full_CashFlowsFromUsedInOperatingActivities" xlink:label="ifrs-full_CashFlowsFromUsedInOperatingActivities" />
    <loc xlink:type="locator" xlink:href="https://xbrl.ifrs.org/taxonomy/2024-03-27/full_ifrs/full_ifrs-cor_2024-03-27.xsd#ifrs-full_IncomeTaxesPaidRefundClassifiedAsOperatingActivities" xlink:label="ifrs-full_IncomeTaxesPaidRefundClassifiedAsOperatingActivities" />
    <loc xlink:type="locator" xlink:href="https://xbrl.ifrs.org/taxonomy/2024-03-27/full_ifrs/full_ifrs-cor_2024-03-27.xsd#ifrs-full_InterestReceivedClassifiedAsOperatingActivities" xlink:label="ifrs-full_InterestReceivedClassifiedAsOperatingActivities" />
    <loc xlink:type="locator" xlink:href="549300BV85TFYXK2Y635-2025-06-30.xsd#cityoflondon_InterestPaidOnLeasedAssetsClassifiedAsOperatingActivities" xlink:label="cityoflondon_InterestPaidOnLeasedAssetsClassifiedAsOperatingActivities" />
    <loc xlink:type="locator" xlink:href="https://xbrl.ifrs.org/taxonomy/2024-03-27/full_ifrs/full_ifrs-cor_2024-03-27.xsd#ifrs-full_InterestPaidClassifiedAsOperatingActivities" xlink:label="ifrs-full_InterestPaidClassifiedAsOperatingActivities" />
    <loc xlink:type="locator" xlink:href="https://xbrl.ifrs.org/taxonomy/2024-03-27/full_ifrs/full_ifrs-cor_2024-03-27.xsd#ifrs-full_CashFlowsFromUsedInInvestingActivities" xlink:label="ifrs-full_CashFlowsFromUsedInInvestingActivities" />
    <loc xlink:type="locator" xlink:href="https://xbrl.ifrs.org/taxonomy/2024-03-27/full_ifrs/full_ifrs-cor_2024-03-27.xsd#ifrs-full_DividendsReceivedClassifiedAsInvestingActivities" xlink:label="ifrs-full_DividendsReceivedClassifiedAsInvestingActivities" />
    <loc xlink:type="locator" xlink:href="549300BV85TFYXK2Y635-2025-06-30.xsd#cityoflondon_PurchaseOfPropertyAndEquipmentAndIntangiblesClassifiedAsInvestingActivities" xlink:label="cityoflondon_PurchaseOfPropertyAndEquipmentAndIntangiblesClassifiedAsInvestingActivities" />
    <loc xlink:type="locator" xlink:href="https://xbrl.ifrs.org/taxonomy/2024-03-27/full_ifrs/full_ifrs-cor_2024-03-27.xsd#ifrs-full_PurchaseOfOtherLongtermAssetsClassifiedAsInvestingActivities" xlink:label="ifrs-full_PurchaseOfOtherLongtermAssetsClassifiedAsInvestingActivities" />
    <loc xlink:type="locator" xlink:href="549300BV85TFYXK2Y635-2025-06-30.xsd#cityoflondon_ProceedsFromSaleOfCurrentFinancialAssetsClassifiedAsInvestingActivities" xlink:label="cityoflondon_ProceedsFromSaleOfCurrentFinancialAssetsClassifiedAsInvestingActivities" />
    <loc xlink:type="locator" xlink:href="https://xbrl.ifrs.org/taxonomy/2024-03-27/full_ifrs/full_ifrs-cor_2024-03-27.xsd#ifrs-full_CashFlowsFromUsedInFinancingActivities" xlink:label="ifrs-full_CashFlowsFromUsedInFinancingActivities" />
    <loc xlink:type="locator" xlink:href="https://xbrl.ifrs.org/taxonomy/2024-03-27/full_ifrs/full_ifrs-cor_2024-03-27.xsd#ifrs-full_DividendsPaidClassifiedAsFinancingActivities" xlink:label="ifrs-full_DividendsPaidClassifiedAsFinancingActivities" />
    <loc xlink:type="locator" xlink:href="https://xbrl.ifrs.org/taxonomy/2024-03-27/full_ifrs/full_ifrs-cor_2024-03-27.xsd#ifrs-full_PaymentsToAcquireOrRedeemEntitysShares" xlink:label="ifrs-full_PaymentsToAcquireOrRedeemEntitysShares" />
    <loc xlink:type="locator" xlink:href="https://xbrl.ifrs.org/taxonomy/2024-03-27/full_ifrs/full_ifrs-cor_2024-03-27.xsd#ifrs-full_ProceedsFromSaleOrIssueOfTreasuryShares" xlink:label="ifrs-full_ProceedsFromSaleOrIssueOfTreasuryShares" />
    <loc xlink:type="locator" xlink:href="https://xbrl.ifrs.org/taxonomy/2024-03-27/full_ifrs/full_ifrs-cor_2024-03-27.xsd#ifrs-full_PaymentsOfLeaseLiabilitiesClassifiedAsFinancingActivities" xlink:label="ifrs-full_PaymentsOfLeaseLiabilitiesClassifiedAsFinancingActivities" />
    <loc xlink:type="locator" xlink:href="https://xbrl.ifrs.org/taxonomy/2024-03-27/full_ifrs/full_ifrs-cor_2024-03-27.xsd#ifrs-full_IncreaseDecreaseInCashAndCashEquivalentsBeforeEffectOfExchangeRateChanges" xlink:label="ifrs-full_IncreaseDecreaseInCashAndCashEquivalentsBeforeEffectOfExchangeRateChanges" />
    <calculationArc xlink:type="arc" xlink:from="ifrs-full_CashFlowsFromUsedInOperationsBeforeChangesInWorkingCapital" xlink:to="ifrs-full_AdjustmentsForUnrealisedForeignExchangeLossesGains" order="11" xlink:arcrole="https://xbrl.org/2023/arcrole/summation-item" priority="1" weight="1.0" />
    <calculationArc xlink:type="arc" xlink:from="ifrs-full_CashFlowsFromUsedInOperationsBeforeChangesInWorkingCapital" xlink:to="ifrs-full_AdjustmentsForSharebasedPayments" order="11" xlink:arcrole="https://xbrl.org/2023/arcrole/summation-item" priority="1" weight="1.0" />
    <calculationArc xlink:type="arc" xlink:from="ifrs-full_CashFlowsFromUsedInOperationsBeforeChangesInWorkingCapital" xlink:to="cityoflondon_AdjustmentsForEIPRelatedCharge" order="11" xlink:arcrole="https://xbrl.org/2023/arcrole/summation-item" priority="1" weight="1.0" />
    <calculationArc xlink:type="arc" xlink:from="ifrs-full_CashFlowsFromUsedInOperationsBeforeChangesInWorkingCapital" xlink:to="cityoflondon_AdjustmentsForGainOnInvestments" order="11" xlink:arcrole="https://xbrl.org/2023/arcrole/summation-item" priority="1" weight="-1.0" />
    <calculationArc xlink:type="arc" xlink:from="ifrs-full_CashFlowsFromUsedInOperationsBeforeChangesInWorkingCapital" xlink:to="ifrs-full_AdjustmentsForInterestIncome" order="11" xlink:arcrole="https://xbrl.org/2023/arcrole/summation-item" priority="1" weight="-1.0" />
    <calculationArc xlink:type="arc" xlink:from="ifrs-full_CashFlowsFromUsedInOperationsBeforeChangesInWorkingCapital" xlink:to="cityoflondon_AdjustmentsForInterestPayableOnLeasedAssets" order="11" xlink:arcrole="https://xbrl.org/2023/arcrole/summation-item" priority="1" weight="1.0" />
    <calculationArc xlink:type="arc" xlink:from="ifrs-full_CashFlowsFromUsedInOperationsBeforeChangesInWorkingCapital" xlink:to="ifrs-full_AdjustmentsForInterestExpense" order="11" xlink:arcrole="https://xbrl.org/2023/arcrole/summation-item" priority="1" weight="1.0" />
    <calculationArc xlink:type="arc" xlink:from="ifrs-full_CashFlowsFromUsedInOperationsBeforeChangesInWorkingCapital" xlink:to="ifrs-full_ProfitLossBeforeTax" order="11" xlink:arcrole="https://xbrl.org/2023/arcrole/summation-item" priority="1" weight="1.0" />
    <calculationArc xlink:type="arc" xlink:from="ifrs-full_CashFlowsFromUsedInOperationsBeforeChangesInWorkingCapital" xlink:to="cityoflondon_AdjustmentsForDepreciationOfPropertyAndEquipment" order="11" xlink:arcrole="https://xbrl.org/2023/arcrole/summation-item" priority="1" weight="1.0" />
    <calculationArc xlink:type="arc" xlink:from="ifrs-full_CashFlowsFromUsedInOperationsBeforeChangesInWorkingCapital" xlink:to="cityoflondon_AdjustmentsForDepreciationOfRightOfUseAssets" order="11" xlink:arcrole="https://xbrl.org/2023/arcrole/summation-item" priority="1" weight="1.0" />
    <calculationArc xlink:type="arc" xlink:from="ifrs-full_CashFlowsFromUsedInOperationsBeforeChangesInWorkingCapital" xlink:to="ifrs-full_AdjustmentsForAmortisationExpense" order="11" xlink:arcrole="https://xbrl.org/2023/arcrole/summation-item" priority="1" weight="1.0" />
    <calculationArc xlink:type="arc" xlink:from="ifrs-full_CashFlowsFromUsedInOperations" xlink:to="ifrs-full_AdjustmentsForDecreaseIncreaseInTradeAndOtherReceivables" order="14" xlink:arcrole="https://xbrl.org/2023/arcrole/summation-item" priority="1" weight="1.0" />
    <calculationArc xlink:type="arc" xlink:from="ifrs-full_CashFlowsFromUsedInOperations" xlink:to="ifrs-full_AdjustmentsForIncreaseDecreaseInTradeAndOtherPayables" order="14" xlink:arcrole="https://xbrl.org/2023/arcrole/summation-item" priority="1" weight="1.0" />
    <calculationArc xlink:type="arc" xlink:from="ifrs-full_CashFlowsFromUsedInOperations" xlink:to="ifrs-full_CashFlowsFromUsedInOperationsBeforeChangesInWorkingCapital" order="14" xlink:arcrole="https://xbrl.org/2023/arcrole/summation-item" priority="1" weight="1.0" />
    <calculationArc xlink:type="arc" xlink:from="ifrs-full_CashFlowsFromUsedInOperatingActivities" xlink:to="ifrs-full_IncomeTaxesPaidRefundClassifiedAsOperatingActivities" order="19" xlink:arcrole="https://xbrl.org/2023/arcrole/summation-item" priority="1" weight="-1.0" />
    <calculationArc xlink:type="arc" xlink:from="ifrs-full_CashFlowsFromUsedInOperatingActivities" xlink:to="ifrs-full_InterestReceivedClassifiedAsOperatingActivities" order="19" xlink:arcrole="https://xbrl.org/2023/arcrole/summation-item" priority="1" weight="1.0" />
    <calculationArc xlink:type="arc" xlink:from="ifrs-full_CashFlowsFromUsedInOperatingActivities" xlink:to="cityoflondon_InterestPaidOnLeasedAssetsClassifiedAsOperatingActivities" order="19" xlink:arcrole="https://xbrl.org/2023/arcrole/summation-item" priority="1" weight="-1.0" />
    <calculationArc xlink:type="arc" xlink:from="ifrs-full_CashFlowsFromUsedInOperatingActivities" xlink:to="ifrs-full_CashFlowsFromUsedInOperations" order="19" xlink:arcrole="https://xbrl.org/2023/arcrole/summation-item" priority="1" weight="1.0" />
    <calculationArc xlink:type="arc" xlink:from="ifrs-full_CashFlowsFromUsedInOperatingActivities" xlink:to="ifrs-full_InterestPaidClassifiedAsOperatingActivities" order="19" xlink:arcrole="https://xbrl.org/2023/arcrole/summation-item" priority="1" weight="-1.0" />
    <calculationArc xlink:type="arc" xlink:from="ifrs-full_CashFlowsFromUsedInInvestingActivities" xlink:to="ifrs-full_DividendsReceivedClassifiedAsInvestingActivities" order="24" xlink:arcrole="https://xbrl.org/2023/arcrole/summation-item" priority="1" weight="1.0" />
    <calculationArc xlink:type="arc" xlink:from="ifrs-full_CashFlowsFromUsedInInvestingActivities" xlink:to="cityoflondon_PurchaseOfPropertyAndEquipmentAndIntangiblesClassifiedAsInvestingActivities" order="24" xlink:arcrole="https://xbrl.org/2023/arcrole/summation-item" priority="1" weight="-1.0" />
    <calculationArc xlink:type="arc" xlink:from="ifrs-full_CashFlowsFromUsedInInvestingActivities" xlink:to="ifrs-full_PurchaseOfOtherLongtermAssetsClassifiedAsInvestingActivities" order="24" xlink:arcrole="https://xbrl.org/2023/arcrole/summation-item" priority="1" weight="-1.0" />
    <calculationArc xlink:type="arc" xlink:from="ifrs-full_CashFlowsFromUsedInInvestingActivities" xlink:to="cityoflondon_ProceedsFromSaleOfCurrentFinancialAssetsClassifiedAsInvestingActivities" order="24" xlink:arcrole="https://xbrl.org/2023/arcrole/summation-item" priority="1" weight="1.0" />
    <calculationArc xlink:type="arc" xlink:from="ifrs-full_CashFlowsFromUsedInFinancingActivities" xlink:to="ifrs-full_DividendsPaidClassifiedAsFinancingActivities" order="29" xlink:arcrole="https://xbrl.org/2023/arcrole/summation-item" priority="1" weight="-1.0" />
    <calculationArc xlink:type="arc" xlink:from="ifrs-full_CashFlowsFromUsedInFinancingActivities" xlink:to="ifrs-full_PaymentsToAcquireOrRedeemEntitysShares" order="29" xlink:arcrole="https://xbrl.org/2023/arcrole/summation-item" priority="1" weight="-1.0" />
    <calculationArc xlink:type="arc" xlink:from="ifrs-full_CashFlowsFromUsedInFinancingActivities" xlink:to="ifrs-full_ProceedsFromSaleOrIssueOfTreasuryShares" order="29" xlink:arcrole="https://xbrl.org/2023/arcrole/summation-item" priority="1" weight="1.0" />
    <calculationArc xlink:type="arc" xlink:from="ifrs-full_CashFlowsFromUsedInFinancingActivities" xlink:to="ifrs-full_PaymentsOfLeaseLiabilitiesClassifiedAsFinancingActivities" order="29" xlink:arcrole="https://xbrl.org/2023/arcrole/summation-item" priority="1" weight="-1.0" />
    <calculationArc xlink:type="arc" xlink:from="ifrs-full_IncreaseDecreaseInCashAndCashEquivalentsBeforeEffectOfExchangeRateChanges" xlink:to="ifrs-full_CashFlowsFromUsedInFinancingActivities" order="30" xlink:arcrole="https://xbrl.org/2023/arcrole/summation-item" priority="1" weight="1.0" />
    <calculationArc xlink:type="arc" xlink:from="ifrs-full_IncreaseDecreaseInCashAndCashEquivalentsBeforeEffectOfExchangeRateChanges" xlink:to="ifrs-full_CashFlowsFromUsedInInvestingActivities" order="30" xlink:arcrole="https://xbrl.org/2023/arcrole/summation-item" priority="1" weight="1.0" />
    <calculationArc xlink:type="arc" xlink:from="ifrs-full_IncreaseDecreaseInCashAndCashEquivalentsBeforeEffectOfExchangeRateChanges" xlink:to="ifrs-full_CashFlowsFromUsedInOperatingActivities" order="30" xlink:arcrole="https://xbrl.org/2023/arcrole/summation-item" priority="1" weight="1.0" />
  </calculationLink>
</linkbase>