<?xml version="1.0" encoding="utf-8"?>
<linkbase xsi:schemaLocation="http://www.xbrl.org/2003/linkbase http://www.xbrl.org/2003/xbrl-linkbase-2003-12-31.xsd" xmlns:xsi="http://www.w3.org/2001/XMLSchema-instance" xmlns="http://www.xbrl.org/2003/linkbase">
  <labelLink xlink:role="http://www.xbrl.org/2003/role/link" xlink:type="extended" xmlns:xlink="http://www.w3.org/1999/xlink">
    <loc xlink:type="locator" xlink:href="https://xbrl.ifrs.org/taxonomy/2022-03-24/full_ifrs/full_ifrs-cor_2022-03-24.xsd#ifrs-full_GrossProfit" xlink:label="ifrs-full_GrossProfit" />
    <loc xlink:type="locator" xlink:href="https://xbrl.ifrs.org/taxonomy/2022-03-24/full_ifrs/full_ifrs-cor_2022-03-24.xsd#ifrs-full_ProfitLossAttributableToOwnersOfParent" xlink:label="ifrs-full_ProfitLossAttributableToOwnersOfParent" />
    <loc xlink:type="locator" xlink:href="213800WRDF8LB8MIEX37-2025-06-30.xsd#brooksmacdonaldgroupplc_NonCurrentDeferredContingentConsiderationReceivable" xlink:label="brooksmacdonaldgroupplc_NonCurrentDeferredContingentConsiderationReceivable" />
    <loc xlink:type="locator" xlink:href="213800WRDF8LB8MIEX37-2025-06-30.xsd#brooksmacdonaldgroupplc_CurrentDeferredContingentConsiderationReceivable" xlink:label="brooksmacdonaldgroupplc_CurrentDeferredContingentConsiderationReceivable" />
    <loc xlink:type="locator" xlink:href="213800WRDF8LB8MIEX37-2025-06-30.xsd#brooksmacdonaldgroupplc_NonCurrentDeferredContingentConsiderationPayable" xlink:label="brooksmacdonaldgroupplc_NonCurrentDeferredContingentConsiderationPayable" />
    <loc xlink:type="locator" xlink:href="213800WRDF8LB8MIEX37-2025-06-30.xsd#brooksmacdonaldgroupplc_CurrentDeferredContingentConsiderationPayable" xlink:label="brooksmacdonaldgroupplc_CurrentDeferredContingentConsiderationPayable" />
    <loc xlink:type="locator" xlink:href="https://xbrl.ifrs.org/taxonomy/2022-03-24/full_ifrs/full_ifrs-cor_2022-03-24.xsd#ifrs-full_NetAssetsLiabilities" xlink:label="ifrs-full_NetAssetsLiabilities" />
    <loc xlink:type="locator" xlink:href="213800WRDF8LB8MIEX37-2025-06-30.xsd#brooksmacdonaldgroupplc_OtherNonOperatingIncomeClassifiedAsOperatingActivities" xlink:label="brooksmacdonaldgroupplc_OtherNonOperatingIncomeClassifiedAsOperatingActivities" />
    <loc xlink:type="locator" xlink:href="https://xbrl.ifrs.org/taxonomy/2022-03-24/full_ifrs/full_ifrs-cor_2022-03-24.xsd#ifrs-full_CashFlowsFromUsedInOperatingActivities" xlink:label="ifrs-full_CashFlowsFromUsedInOperatingActivities" />
    <loc xlink:type="locator" xlink:href="213800WRDF8LB8MIEX37-2025-06-30.xsd#brooksmacdonaldgroupplc_ConsiderationPaidForAcquisitionsNetOfCashAcquiredClassifiedAsInvestingActivities" xlink:label="brooksmacdonaldgroupplc_ConsiderationPaidForAcquisitionsNetOfCashAcquiredClassifiedAsInvestingActivities" />
    <loc xlink:type="locator" xlink:href="213800WRDF8LB8MIEX37-2025-06-30.xsd#brooksmacdonaldgroupplc_InvestmentInFinancialAssetsAtAmortisedCostClassifiedAsInvestingActivities" xlink:label="brooksmacdonaldgroupplc_InvestmentInFinancialAssetsAtAmortisedCostClassifiedAsInvestingActivities" />
    <loc xlink:type="locator" xlink:href="213800WRDF8LB8MIEX37-2025-06-30.xsd#brooksmacdonaldgroupplc_DisposalOfFinancialAssetsAtAmortisedCostClassifiedAsInvestingActivities" xlink:label="brooksmacdonaldgroupplc_DisposalOfFinancialAssetsAtAmortisedCostClassifiedAsInvestingActivities" />
    <loc xlink:type="locator" xlink:href="213800WRDF8LB8MIEX37-2025-06-30.xsd#brooksmacdonaldgroupplc_InvestmentInFinancialAssetsAtFairValueThroughProfitOrLossClassifiedAsInvestingActivities" xlink:label="brooksmacdonaldgroupplc_InvestmentInFinancialAssetsAtFairValueThroughProfitOrLossClassifiedAsInvestingActivities" />
    <loc xlink:type="locator" xlink:href="213800WRDF8LB8MIEX37-2025-06-30.xsd#brooksmacdonaldgroupplc_DisposalOfFinancialAssetsAtFairValueThroughOtherComprehensiveIncomeClassifiedAsInvestingActivities" xlink:label="brooksmacdonaldgroupplc_DisposalOfFinancialAssetsAtFairValueThroughOtherComprehensiveIncomeClassifiedAsInvestingActivities" />
    <loc xlink:type="locator" xlink:href="213800WRDF8LB8MIEX37-2025-06-30.xsd#brooksmacdonaldgroupplc_DeferredContingentConsiderationPaidClassifiedAsInvestingActivities" xlink:label="brooksmacdonaldgroupplc_DeferredContingentConsiderationPaidClassifiedAsInvestingActivities" />
    <loc xlink:type="locator" xlink:href="213800WRDF8LB8MIEX37-2025-06-30.xsd#brooksmacdonaldgroupplc_ProceedsFromDisposalOfInternationalAndDCFClassifiedAsInvestingActivities" xlink:label="brooksmacdonaldgroupplc_ProceedsFromDisposalOfInternationalAndDCFClassifiedAsInvestingActivities" />
    <loc xlink:type="locator" xlink:href="https://xbrl.ifrs.org/taxonomy/2022-03-24/full_ifrs/full_ifrs-cor_2022-03-24.xsd#ifrs-full_CashFlowsFromUsedInInvestingActivities" xlink:label="ifrs-full_CashFlowsFromUsedInInvestingActivities" />
    <loc xlink:type="locator" xlink:href="https://xbrl.ifrs.org/taxonomy/2022-03-24/full_ifrs/full_ifrs-cor_2022-03-24.xsd#ifrs-full_CashFlowsFromUsedInFinancingActivities" xlink:label="ifrs-full_CashFlowsFromUsedInFinancingActivities" />
    <loc xlink:type="locator" xlink:href="https://xbrl.ifrs.org/taxonomy/2022-03-24/full_ifrs/full_ifrs-cor_2022-03-24.xsd#ifrs-full_IncreaseDecreaseInCashAndCashEquivalents" xlink:label="ifrs-full_IncreaseDecreaseInCashAndCashEquivalents" />
    <loc xlink:type="locator" xlink:href="213800WRDF8LB8MIEX37-2025-06-30.xsd#brooksmacdonaldgroupplc_NetCashFlowsFromDiscontinuedOperations" xlink:label="brooksmacdonaldgroupplc_NetCashFlowsFromDiscontinuedOperations" />
    <loc xlink:type="locator" xlink:href="213800WRDF8LB8MIEX37-2025-06-30.xsd#brooksmacdonaldgroupplc_DescriptionOfAccountingPolicyForFiduciaryActivities" xlink:label="brooksmacdonaldgroupplc_DescriptionOfAccountingPolicyForFiduciaryActivities" />
    <loc xlink:type="locator" xlink:href="213800WRDF8LB8MIEX37-2025-06-30.xsd#brooksmacdonaldgroupplc_DescriptionOfAccountingPolicyForOtherNonOperatingIncome" xlink:label="brooksmacdonaldgroupplc_DescriptionOfAccountingPolicyForOtherNonOperatingIncome" />
    <loc xlink:type="locator" xlink:href="213800WRDF8LB8MIEX37-2025-06-30.xsd#brooksmacdonaldgroupplc_DisclosureOfOtherLossesGains" xlink:label="brooksmacdonaldgroupplc_DisclosureOfOtherLossesGains" />
    <loc xlink:type="locator" xlink:href="213800WRDF8LB8MIEX37-2025-06-30.xsd#brooksmacdonaldgroupplc_DisclosureOfOtherNonOperatingIncome" xlink:label="brooksmacdonaldgroupplc_DisclosureOfOtherNonOperatingIncome" />
    <loc xlink:type="locator" xlink:href="213800WRDF8LB8MIEX37-2025-06-30.xsd#brooksmacdonaldgroupplc_DisclosureOfDeferredContingentConsiderationReceivable" xlink:label="brooksmacdonaldgroupplc_DisclosureOfDeferredContingentConsiderationReceivable" />
    <loc xlink:type="locator" xlink:href="213800WRDF8LB8MIEX37-2025-06-30.xsd#brooksmacdonaldgroupplc_DisclosureOfDeferredContingentConsiderationPayable" xlink:label="brooksmacdonaldgroupplc_DisclosureOfDeferredContingentConsiderationPayable" />
    <labelArc xlink:type="arc" xlink:from="ifrs-full_GrossProfit" xlink:to="label_brooksmacdonaldgroupplc_ifrs-fullGrossProfit_Total" order="1" xlink:arcrole="http://www.xbrl.org/2003/arcrole/concept-label" priority="100" />
    <labelArc xlink:type="arc" xlink:from="ifrs-full_ProfitLossAttributableToOwnersOfParent" xlink:to="label_brooksmacdonaldgroupplc_ifrs-fullProfitLossAttributableToOwnersOfParent_Total" order="1" xlink:arcrole="http://www.xbrl.org/2003/arcrole/concept-label" priority="100" />
    <labelArc xlink:type="arc" xlink:from="brooksmacdonaldgroupplc_NonCurrentDeferredContingentConsiderationReceivable" xlink:to="label_brooksmacdonaldgroupplc_brooksmacdonaldgroupplcNonCurrentDeferredContingentConsiderationReceivable_Standard" order="1" xlink:arcrole="http://www.xbrl.org/2003/arcrole/concept-label" />
    <labelArc xlink:type="arc" xlink:from="brooksmacdonaldgroupplc_CurrentDeferredContingentConsiderationReceivable" xlink:to="label_brooksmacdonaldgroupplc_brooksmacdonaldgroupplcCurrentDeferredContingentConsiderationReceivable_Standard" order="1" xlink:arcrole="http://www.xbrl.org/2003/arcrole/concept-label" />
    <labelArc xlink:type="arc" xlink:from="brooksmacdonaldgroupplc_NonCurrentDeferredContingentConsiderationPayable" xlink:to="label_brooksmacdonaldgroupplc_brooksmacdonaldgroupplcNonCurrentDeferredContingentConsiderationPayable_Standard" order="1" xlink:arcrole="http://www.xbrl.org/2003/arcrole/concept-label" />
    <labelArc xlink:type="arc" xlink:from="brooksmacdonaldgroupplc_CurrentDeferredContingentConsiderationPayable" xlink:to="label_brooksmacdonaldgroupplc_brooksmacdonaldgroupplcCurrentDeferredContingentConsiderationPayable_Standard" order="1" xlink:arcrole="http://www.xbrl.org/2003/arcrole/concept-label" />
    <labelArc xlink:type="arc" xlink:from="ifrs-full_NetAssetsLiabilities" xlink:to="label_brooksmacdonaldgroupplc_ifrs-fullNetAssetsLiabilities_Total" order="1" xlink:arcrole="http://www.xbrl.org/2003/arcrole/concept-label" priority="100" />
    <labelArc xlink:type="arc" xlink:from="brooksmacdonaldgroupplc_OtherNonOperatingIncomeClassifiedAsOperatingActivities" xlink:to="label_brooksmacdonaldgroupplc_brooksmacdonaldgroupplcOtherNonOperatingIncomeClassifiedAsOperatingActivities_Standard" order="1" xlink:arcrole="http://www.xbrl.org/2003/arcrole/concept-label" />
    <labelArc xlink:type="arc" xlink:from="ifrs-full_CashFlowsFromUsedInOperatingActivities" xlink:to="label_brooksmacdonaldgroupplc_ifrs-fullCashFlowsFromUsedInOperatingActivities_Total" order="1" xlink:arcrole="http://www.xbrl.org/2003/arcrole/concept-label" priority="100" />
    <labelArc xlink:type="arc" xlink:from="brooksmacdonaldgroupplc_ConsiderationPaidForAcquisitionsNetOfCashAcquiredClassifiedAsInvestingActivities" xlink:to="label_brooksmacdonaldgroupplc_brooksmacdonaldgroupplcConsiderationPaidForAcquisitionsNetOfCashAcquiredClassifiedAsInvestingActivities_Standard" order="1" xlink:arcrole="http://www.xbrl.org/2003/arcrole/concept-label" />
    <labelArc xlink:type="arc" xlink:from="brooksmacdonaldgroupplc_InvestmentInFinancialAssetsAtAmortisedCostClassifiedAsInvestingActivities" xlink:to="label_brooksmacdonaldgroupplc_brooksmacdonaldgroupplcInvestmentInFinancialAssetsAtAmortisedCostClassifiedAsInvestingActivities_Standard" order="1" xlink:arcrole="http://www.xbrl.org/2003/arcrole/concept-label" />
    <labelArc xlink:type="arc" xlink:from="brooksmacdonaldgroupplc_DisposalOfFinancialAssetsAtAmortisedCostClassifiedAsInvestingActivities" xlink:to="label_brooksmacdonaldgroupplc_brooksmacdonaldgroupplcDisposalOfFinancialAssetsAtAmortisedCostClassifiedAsInvestingActivities_Standard" order="1" xlink:arcrole="http://www.xbrl.org/2003/arcrole/concept-label" />
    <labelArc xlink:type="arc" xlink:from="brooksmacdonaldgroupplc_InvestmentInFinancialAssetsAtFairValueThroughProfitOrLossClassifiedAsInvestingActivities" xlink:to="label_brooksmacdonaldgroupplc_brooksmacdonaldgroupplcInvestmentInFinancialAssetsAtFairValueThroughProfitOrLossClassifiedAsInvestingActivities_Standard" order="1" xlink:arcrole="http://www.xbrl.org/2003/arcrole/concept-label" />
    <labelArc xlink:type="arc" xlink:from="brooksmacdonaldgroupplc_DisposalOfFinancialAssetsAtFairValueThroughOtherComprehensiveIncomeClassifiedAsInvestingActivities" xlink:to="label_brooksmacdonaldgroupplc_brooksmacdonaldgroupplcDisposalOfFinancialAssetsAtFairValueThroughOtherComprehensiveIncomeClassifiedAsInvestingActivities_Standard" order="1" xlink:arcrole="http://www.xbrl.org/2003/arcrole/concept-label" />
    <labelArc xlink:type="arc" xlink:from="brooksmacdonaldgroupplc_DeferredContingentConsiderationPaidClassifiedAsInvestingActivities" xlink:to="label_brooksmacdonaldgroupplc_brooksmacdonaldgroupplcDeferredContingentConsiderationPaidClassifiedAsInvestingActivities_Standard" order="1" xlink:arcrole="http://www.xbrl.org/2003/arcrole/concept-label" />
    <labelArc xlink:type="arc" xlink:from="brooksmacdonaldgroupplc_ProceedsFromDisposalOfInternationalAndDCFClassifiedAsInvestingActivities" xlink:to="label_brooksmacdonaldgroupplc_brooksmacdonaldgroupplcProceedsFromDisposalOfInternationalAndDCFClassifiedAsInvestingActivities_Standard" order="1" xlink:arcrole="http://www.xbrl.org/2003/arcrole/concept-label" />
    <labelArc xlink:type="arc" xlink:from="ifrs-full_CashFlowsFromUsedInInvestingActivities" xlink:to="label_brooksmacdonaldgroupplc_ifrs-fullCashFlowsFromUsedInInvestingActivities_Total" order="1" xlink:arcrole="http://www.xbrl.org/2003/arcrole/concept-label" priority="100" />
    <labelArc xlink:type="arc" xlink:from="ifrs-full_CashFlowsFromUsedInFinancingActivities" xlink:to="label_brooksmacdonaldgroupplc_ifrs-fullCashFlowsFromUsedInFinancingActivities_Total" order="1" xlink:arcrole="http://www.xbrl.org/2003/arcrole/concept-label" priority="100" />
    <labelArc xlink:type="arc" xlink:from="ifrs-full_IncreaseDecreaseInCashAndCashEquivalents" xlink:to="label_brooksmacdonaldgroupplc_ifrs-fullIncreaseDecreaseInCashAndCashEquivalents_Total" order="1" xlink:arcrole="http://www.xbrl.org/2003/arcrole/concept-label" priority="100" />
    <labelArc xlink:type="arc" xlink:from="brooksmacdonaldgroupplc_NetCashFlowsFromDiscontinuedOperations" xlink:to="label_brooksmacdonaldgroupplc_brooksmacdonaldgroupplcNetCashFlowsFromDiscontinuedOperations_Standard" order="1" xlink:arcrole="http://www.xbrl.org/2003/arcrole/concept-label" />
    <labelArc xlink:type="arc" xlink:from="brooksmacdonaldgroupplc_DescriptionOfAccountingPolicyForFiduciaryActivities" xlink:to="label_brooksmacdonaldgroupplc_brooksmacdonaldgroupplcDescriptionOfAccountingPolicyForFiduciaryActivities_Standard" order="1" xlink:arcrole="http://www.xbrl.org/2003/arcrole/concept-label" />
    <labelArc xlink:type="arc" xlink:from="brooksmacdonaldgroupplc_DescriptionOfAccountingPolicyForOtherNonOperatingIncome" xlink:to="label_brooksmacdonaldgroupplc_brooksmacdonaldgroupplcDescriptionOfAccountingPolicyForOtherNonOperatingIncome_Standard" order="1" xlink:arcrole="http://www.xbrl.org/2003/arcrole/concept-label" />
    <labelArc xlink:type="arc" xlink:from="brooksmacdonaldgroupplc_DisclosureOfOtherLossesGains" xlink:to="label_brooksmacdonaldgroupplc_brooksmacdonaldgroupplcDisclosureOfOtherLossesGains_Standard" order="1" xlink:arcrole="http://www.xbrl.org/2003/arcrole/concept-label" />
    <labelArc xlink:type="arc" xlink:from="brooksmacdonaldgroupplc_DisclosureOfOtherNonOperatingIncome" xlink:to="label_brooksmacdonaldgroupplc_brooksmacdonaldgroupplcDisclosureOfOtherNonOperatingIncome_Standard" order="1" xlink:arcrole="http://www.xbrl.org/2003/arcrole/concept-label" />
    <labelArc xlink:type="arc" xlink:from="brooksmacdonaldgroupplc_DisclosureOfDeferredContingentConsiderationReceivable" xlink:to="label_brooksmacdonaldgroupplc_brooksmacdonaldgroupplcDisclosureOfDeferredContingentConsiderationReceivable_Standard" order="1" xlink:arcrole="http://www.xbrl.org/2003/arcrole/concept-label" />
    <labelArc xlink:type="arc" xlink:from="brooksmacdonaldgroupplc_DisclosureOfDeferredContingentConsiderationPayable" xlink:to="label_brooksmacdonaldgroupplc_brooksmacdonaldgroupplcDisclosureOfDeferredContingentConsiderationPayable_Standard" order="1" xlink:arcrole="http://www.xbrl.org/2003/arcrole/concept-label" />
    <label xlink:label="label_brooksmacdonaldgroupplc_ifrs-fullGrossProfit_Total" id="brooksmacdonaldgroupplc_ifrs-fullGrossProfit_Total" xlink:role="http://www.xbrl.org/2003/role/totalLabel" xlink:type="resource" xml:lang="en">Gross profit</label>
    <label xlink:label="label_brooksmacdonaldgroupplc_ifrs-fullProfitLossAttributableToOwnersOfParent_Total" id="brooksmacdonaldgroupplc_ifrs-fullProfitLossAttributableToOwnersOfParent_Total" xlink:role="http://www.xbrl.org/2003/role/totalLabel" xlink:type="resource" xml:lang="en">Profit for the period attributable to equity holders of the Company</label>
    <label xlink:label="label_brooksmacdonaldgroupplc_brooksmacdonaldgroupplcNonCurrentDeferredContingentConsiderationReceivable_Standard" id="brooksmacdonaldgroupplc_brooksmacdonaldgroupplcNonCurrentDeferredContingentConsiderationReceivable_Standard" xlink:role="http://www.xbrl.org/2003/role/label" xlink:type="resource" xml:lang="en">Non-current deferred contingent consideration receivable</label>
    <label xlink:label="label_brooksmacdonaldgroupplc_brooksmacdonaldgroupplcCurrentDeferredContingentConsiderationReceivable_Standard" id="brooksmacdonaldgroupplc_brooksmacdonaldgroupplcCurrentDeferredContingentConsiderationReceivable_Standard" xlink:role="http://www.xbrl.org/2003/role/label" xlink:type="resource" xml:lang="en">Current deferred contingent consideration receivable</label>
    <label xlink:label="label_brooksmacdonaldgroupplc_brooksmacdonaldgroupplcNonCurrentDeferredContingentConsiderationPayable_Standard" id="brooksmacdonaldgroupplc_brooksmacdonaldgroupplcNonCurrentDeferredContingentConsiderationPayable_Standard" xlink:role="http://www.xbrl.org/2003/role/label" xlink:type="resource" xml:lang="en">Non-current deferred contingent consideration payable</label>
    <label xlink:label="label_brooksmacdonaldgroupplc_brooksmacdonaldgroupplcCurrentDeferredContingentConsiderationPayable_Standard" id="brooksmacdonaldgroupplc_brooksmacdonaldgroupplcCurrentDeferredContingentConsiderationPayable_Standard" xlink:role="http://www.xbrl.org/2003/role/label" xlink:type="resource" xml:lang="en">Current deferred contingent consideration payable</label>
    <label xlink:label="label_brooksmacdonaldgroupplc_ifrs-fullNetAssetsLiabilities_Total" id="brooksmacdonaldgroupplc_ifrs-fullNetAssetsLiabilities_Total" xlink:role="http://www.xbrl.org/2003/role/totalLabel" xlink:type="resource" xml:lang="en">Net assets</label>
    <label xlink:label="label_brooksmacdonaldgroupplc_brooksmacdonaldgroupplcOtherNonOperatingIncomeClassifiedAsOperatingActivities_Standard" id="brooksmacdonaldgroupplc_brooksmacdonaldgroupplcOtherNonOperatingIncomeClassifiedAsOperatingActivities_Standard" xlink:role="http://www.xbrl.org/2003/role/label" xlink:type="resource" xml:lang="en">Other non-operating income classified as operating activities</label>
    <label xlink:label="label_brooksmacdonaldgroupplc_ifrs-fullCashFlowsFromUsedInOperatingActivities_Total" id="brooksmacdonaldgroupplc_ifrs-fullCashFlowsFromUsedInOperatingActivities_Total" xlink:role="http://www.xbrl.org/2003/role/totalLabel" xlink:type="resource" xml:lang="en">Net cash generated from operating activities</label>
    <label xlink:label="label_brooksmacdonaldgroupplc_brooksmacdonaldgroupplcConsiderationPaidForAcquisitionsNetOfCashAcquiredClassifiedAsInvestingActivities_Standard" id="brooksmacdonaldgroupplc_brooksmacdonaldgroupplcConsiderationPaidForAcquisitionsNetOfCashAcquiredClassifiedAsInvestingActivities_Standard" xlink:role="http://www.xbrl.org/2003/role/label" xlink:type="resource" xml:lang="en">Consideration paid for acquisitions net of cash acquired classified as investing activities</label>
    <label xlink:label="label_brooksmacdonaldgroupplc_brooksmacdonaldgroupplcInvestmentInFinancialAssetsAtAmortisedCostClassifiedAsInvestingActivities_Standard" id="brooksmacdonaldgroupplc_brooksmacdonaldgroupplcInvestmentInFinancialAssetsAtAmortisedCostClassifiedAsInvestingActivities_Standard" xlink:role="http://www.xbrl.org/2003/role/label" xlink:type="resource" xml:lang="en">Investment in financial assets at amortised cost classified as investing activities</label>
    <label xlink:label="label_brooksmacdonaldgroupplc_brooksmacdonaldgroupplcDisposalOfFinancialAssetsAtAmortisedCostClassifiedAsInvestingActivities_Standard" id="brooksmacdonaldgroupplc_brooksmacdonaldgroupplcDisposalOfFinancialAssetsAtAmortisedCostClassifiedAsInvestingActivities_Standard" xlink:role="http://www.xbrl.org/2003/role/label" xlink:type="resource" xml:lang="en">Disposal of financial assets at amortised cost classified as investing activities</label>
    <label xlink:label="label_brooksmacdonaldgroupplc_brooksmacdonaldgroupplcInvestmentInFinancialAssetsAtFairValueThroughProfitOrLossClassifiedAsInvestingActivities_Standard" id="brooksmacdonaldgroupplc_brooksmacdonaldgroupplcInvestmentInFinancialAssetsAtFairValueThroughProfitOrLossClassifiedAsInvestingActivities_Standard" xlink:role="http://www.xbrl.org/2003/role/label" xlink:type="resource" xml:lang="en">Investment in financial assets at fair value through profit or loss classified as investing activities</label>
    <label xlink:label="label_brooksmacdonaldgroupplc_brooksmacdonaldgroupplcDisposalOfFinancialAssetsAtFairValueThroughOtherComprehensiveIncomeClassifiedAsInvestingActivities_Standard" id="brooksmacdonaldgroupplc_brooksmacdonaldgroupplcDisposalOfFinancialAssetsAtFairValueThroughOtherComprehensiveIncomeClassifiedAsInvestingActivities_Standard" xlink:role="http://www.xbrl.org/2003/role/label" xlink:type="resource" xml:lang="en">Disposal of financial assets at fair value through other comprehensive income classified as investing activities</label>
    <label xlink:label="label_brooksmacdonaldgroupplc_brooksmacdonaldgroupplcDeferredContingentConsiderationPaidClassifiedAsInvestingActivities_Standard" id="brooksmacdonaldgroupplc_brooksmacdonaldgroupplcDeferredContingentConsiderationPaidClassifiedAsInvestingActivities_Standard" xlink:role="http://www.xbrl.org/2003/role/label" xlink:type="resource" xml:lang="en">Deferred contingent consideration paid classified as investing activities</label>
    <label xlink:label="label_brooksmacdonaldgroupplc_brooksmacdonaldgroupplcProceedsFromDisposalOfInternationalAndDCFClassifiedAsInvestingActivities_Standard" id="brooksmacdonaldgroupplc_brooksmacdonaldgroupplcProceedsFromDisposalOfInternationalAndDCFClassifiedAsInvestingActivities_Standard" xlink:role="http://www.xbrl.org/2003/role/label" xlink:type="resource" xml:lang="en">Proceeds from disposal of International and DCF classified as investing activities</label>
    <label xlink:label="label_brooksmacdonaldgroupplc_ifrs-fullCashFlowsFromUsedInInvestingActivities_Total" id="brooksmacdonaldgroupplc_ifrs-fullCashFlowsFromUsedInInvestingActivities_Total" xlink:role="http://www.xbrl.org/2003/role/totalLabel" xlink:type="resource" xml:lang="en">Net cash used in investing activities</label>
    <label xlink:label="label_brooksmacdonaldgroupplc_ifrs-fullCashFlowsFromUsedInFinancingActivities_Total" id="brooksmacdonaldgroupplc_ifrs-fullCashFlowsFromUsedInFinancingActivities_Total" xlink:role="http://www.xbrl.org/2003/role/totalLabel" xlink:type="resource" xml:lang="en">Net cash used in financing activities</label>
    <label xlink:label="label_brooksmacdonaldgroupplc_ifrs-fullIncreaseDecreaseInCashAndCashEquivalents_Total" id="brooksmacdonaldgroupplc_ifrs-fullIncreaseDecreaseInCashAndCashEquivalents_Total" xlink:role="http://www.xbrl.org/2003/role/totalLabel" xlink:type="resource" xml:lang="en">Net decrease in cash and cash equivalents from continuing operations</label>
    <label xlink:label="label_brooksmacdonaldgroupplc_brooksmacdonaldgroupplcNetCashFlowsFromDiscontinuedOperations_Standard" id="brooksmacdonaldgroupplc_brooksmacdonaldgroupplcNetCashFlowsFromDiscontinuedOperations_Standard" xlink:role="http://www.xbrl.org/2003/role/label" xlink:type="resource" xml:lang="en">Net cash flows from discontinued operations</label>
    <label xlink:label="label_brooksmacdonaldgroupplc_brooksmacdonaldgroupplcDescriptionOfAccountingPolicyForFiduciaryActivities_Standard" id="brooksmacdonaldgroupplc_brooksmacdonaldgroupplcDescriptionOfAccountingPolicyForFiduciaryActivities_Standard" xlink:role="http://www.xbrl.org/2003/role/label" xlink:type="resource" xml:lang="en">Description of accounting policy for fiduciary activities</label>
    <label xlink:label="label_brooksmacdonaldgroupplc_brooksmacdonaldgroupplcDescriptionOfAccountingPolicyForOtherNonOperatingIncome_Standard" id="brooksmacdonaldgroupplc_brooksmacdonaldgroupplcDescriptionOfAccountingPolicyForOtherNonOperatingIncome_Standard" xlink:role="http://www.xbrl.org/2003/role/label" xlink:type="resource" xml:lang="en">Description of accounting policy for other non-operating income</label>
    <label xlink:label="label_brooksmacdonaldgroupplc_brooksmacdonaldgroupplcDisclosureOfOtherLossesGains_Standard" id="brooksmacdonaldgroupplc_brooksmacdonaldgroupplcDisclosureOfOtherLossesGains_Standard" xlink:role="http://www.xbrl.org/2003/role/label" xlink:type="resource" xml:lang="en">Disclosure of other (losses)/gains</label>
    <label xlink:label="label_brooksmacdonaldgroupplc_brooksmacdonaldgroupplcDisclosureOfOtherNonOperatingIncome_Standard" id="brooksmacdonaldgroupplc_brooksmacdonaldgroupplcDisclosureOfOtherNonOperatingIncome_Standard" xlink:role="http://www.xbrl.org/2003/role/label" xlink:type="resource" xml:lang="en">Disclosure of other non-operating income</label>
    <label xlink:label="label_brooksmacdonaldgroupplc_brooksmacdonaldgroupplcDisclosureOfDeferredContingentConsiderationReceivable_Standard" id="brooksmacdonaldgroupplc_brooksmacdonaldgroupplcDisclosureOfDeferredContingentConsiderationReceivable_Standard" xlink:role="http://www.xbrl.org/2003/role/label" xlink:type="resource" xml:lang="en">Disclosure of deferred contingent consideration receivable</label>
    <label xlink:label="label_brooksmacdonaldgroupplc_brooksmacdonaldgroupplcDisclosureOfDeferredContingentConsiderationPayable_Standard" id="brooksmacdonaldgroupplc_brooksmacdonaldgroupplcDisclosureOfDeferredContingentConsiderationPayable_Standard" xlink:role="http://www.xbrl.org/2003/role/label" xlink:type="resource" xml:lang="en">Disclosure of deferred contingent consideration payable</label>
  </labelLink>
</linkbase>