<?xml version="1.0" encoding="utf-8"?>
<linkbase xsi:schemaLocation="http://www.xbrl.org/2003/linkbase http://www.xbrl.org/2003/xbrl-linkbase-2003-12-31.xsd" xmlns:xsi="http://www.w3.org/2001/XMLSchema-instance" xmlns="http://www.xbrl.org/2003/linkbase">
  <labelLink xlink:role="http://www.xbrl.org/2003/role/link" xlink:type="extended" xmlns:xlink="http://www.w3.org/1999/xlink">
    <loc xlink:type="locator" xlink:href="2138007FOINJKAM7L537-2025-06-30.xsd#supermarketincomereitplc_GrossRentalIncome" xlink:label="supermarketincomereitplc_GrossRentalIncome" />
    <loc xlink:type="locator" xlink:href="https://xbrl.ifrs.org/taxonomy/2024-03-27/full_ifrs/full_ifrs-cor_2024-03-27.xsd#ifrs-full_RentalIncome" xlink:label="ifrs-full_RentalIncome" />
    <loc xlink:type="locator" xlink:href="2138007FOINJKAM7L537-2025-06-30.xsd#supermarketincomereitplc_OperatingProfitBeforeChangesInFairValueOfInvestmentPropertiesShareOfIncomeFromJointVentureAndLossOnDisposals" xlink:label="supermarketincomereitplc_OperatingProfitBeforeChangesInFairValueOfInvestmentPropertiesShareOfIncomeFromJointVentureAndLossOnDisposals" />
    <loc xlink:type="locator" xlink:href="https://xbrl.ifrs.org/taxonomy/2024-03-27/full_ifrs/full_ifrs-cor_2024-03-27.xsd#ifrs-full_NetAssetsLiabilities" xlink:label="ifrs-full_NetAssetsLiabilities" />
    <loc xlink:type="locator" xlink:href="2138007FOINJKAM7L537-2025-06-30.xsd#supermarketincomereitplc_NetAssetValuePerShareBasic" xlink:label="supermarketincomereitplc_NetAssetValuePerShareBasic" />
    <loc xlink:type="locator" xlink:href="2138007FOINJKAM7L537-2025-06-30.xsd#supermarketincomereitplc_NetAssetValuePerShareDiluted" xlink:label="supermarketincomereitplc_NetAssetValuePerShareDiluted" />
    <loc xlink:type="locator" xlink:href="2138007FOINJKAM7L537-2025-06-30.xsd#supermarketincomereitplc_EPRANTAPerShare" xlink:label="supermarketincomereitplc_EPRANTAPerShare" />
    <loc xlink:type="locator" xlink:href="2138007FOINJKAM7L537-2025-06-30.xsd#supermarketincomereitplc_AdjustmentsForMovementInRentSmoothingAndLeaseIncentiveAdjustments" xlink:label="supermarketincomereitplc_AdjustmentsForMovementInRentSmoothingAndLeaseIncentiveAdjustments" />
    <loc xlink:type="locator" xlink:href="https://xbrl.ifrs.org/taxonomy/2024-03-27/full_ifrs/full_ifrs-cor_2024-03-27.xsd#ifrs-full_CashFlowsFromUsedInOperationsBeforeChangesInWorkingCapital" xlink:label="ifrs-full_CashFlowsFromUsedInOperationsBeforeChangesInWorkingCapital" />
    <loc xlink:type="locator" xlink:href="https://xbrl.ifrs.org/taxonomy/2024-03-27/full_ifrs/full_ifrs-cor_2024-03-27.xsd#ifrs-full_CashFlowsFromUsedInOperatingActivities" xlink:label="ifrs-full_CashFlowsFromUsedInOperatingActivities" />
    <loc xlink:type="locator" xlink:href="2138007FOINJKAM7L537-2025-06-30.xsd#supermarketincomereitplc_AcquisitionAndDevelopmentOfInvestmentPropertiesClassifiedAsInvestingActivities" xlink:label="supermarketincomereitplc_AcquisitionAndDevelopmentOfInvestmentPropertiesClassifiedAsInvestingActivities" />
    <loc xlink:type="locator" xlink:href="2138007FOINJKAM7L537-2025-06-30.xsd#supermarketincomereitplc_CapitalisedCostsClassifiedAsInvestingActivities" xlink:label="supermarketincomereitplc_CapitalisedCostsClassifiedAsInvestingActivities" />
    <loc xlink:type="locator" xlink:href="https://xbrl.ifrs.org/taxonomy/2024-03-27/full_ifrs/full_ifrs-cor_2024-03-27.xsd#ifrs-full_CashFlowsFromUsedInInvestingActivities" xlink:label="ifrs-full_CashFlowsFromUsedInInvestingActivities" />
    <loc xlink:type="locator" xlink:href="2138007FOINJKAM7L537-2025-06-30.xsd#supermarketincomereitplc_LoanArrangementFeesPaidClassifiedAsFinancingActivities" xlink:label="supermarketincomereitplc_LoanArrangementFeesPaidClassifiedAsFinancingActivities" />
    <loc xlink:type="locator" xlink:href="2138007FOINJKAM7L537-2025-06-30.xsd#supermarketincomereitplc_SettlementOfInterestRateDerivativesClassifiedAsFinancingActivities" xlink:label="supermarketincomereitplc_SettlementOfInterestRateDerivativesClassifiedAsFinancingActivities" />
    <loc xlink:type="locator" xlink:href="2138007FOINJKAM7L537-2025-06-30.xsd#supermarketincomereitplc_SaleOfInterestRateDerivativesClassifiedAsFinancingActivities" xlink:label="supermarketincomereitplc_SaleOfInterestRateDerivativesClassifiedAsFinancingActivities" />
    <loc xlink:type="locator" xlink:href="2138007FOINJKAM7L537-2025-06-30.xsd#supermarketincomereitplc_PurchaseOfInterestRateDerivativeClassifiedAsFinancingActivities" xlink:label="supermarketincomereitplc_PurchaseOfInterestRateDerivativeClassifiedAsFinancingActivities" />
    <loc xlink:type="locator" xlink:href="2138007FOINJKAM7L537-2025-06-30.xsd#supermarketincomereitplc_BankCommitmentFeesPaidClassifiedAsFinancingActivities" xlink:label="supermarketincomereitplc_BankCommitmentFeesPaidClassifiedAsFinancingActivities" />
    <loc xlink:type="locator" xlink:href="https://xbrl.ifrs.org/taxonomy/2024-03-27/full_ifrs/full_ifrs-cor_2024-03-27.xsd#ifrs-full_CashFlowsFromUsedInFinancingActivities" xlink:label="ifrs-full_CashFlowsFromUsedInFinancingActivities" />
    <loc xlink:type="locator" xlink:href="https://xbrl.ifrs.org/taxonomy/2024-03-27/full_ifrs/full_ifrs-cor_2024-03-27.xsd#ifrs-full_IncreaseDecreaseInCashAndCashEquivalents" xlink:label="ifrs-full_IncreaseDecreaseInCashAndCashEquivalents" />
    <loc xlink:type="locator" xlink:href="2138007FOINJKAM7L537-2025-06-30.xsd#supermarketincomereitplc_DescriptionOfAccountingPolicyForServiceChargeIncome" xlink:label="supermarketincomereitplc_DescriptionOfAccountingPolicyForServiceChargeIncome" />
    <loc xlink:type="locator" xlink:href="2138007FOINJKAM7L537-2025-06-30.xsd#supermarketincomereitplc_DescriptionOfAccountingPolicyForServiceChargeExpense" xlink:label="supermarketincomereitplc_DescriptionOfAccountingPolicyForServiceChargeExpense" />
    <loc xlink:type="locator" xlink:href="2138007FOINJKAM7L537-2025-06-30.xsd#supermarketincomereitplc_DescriptionOfAccountingPolicyForAdministrativeAndOtherExpenses" xlink:label="supermarketincomereitplc_DescriptionOfAccountingPolicyForAdministrativeAndOtherExpenses" />
    <loc xlink:type="locator" xlink:href="2138007FOINJKAM7L537-2025-06-30.xsd#supermarketincomereitplc_DisclosureOfServiceChargeExpense" xlink:label="supermarketincomereitplc_DisclosureOfServiceChargeExpense" />
    <labelArc xlink:type="arc" xlink:from="supermarketincomereitplc_GrossRentalIncome" xlink:to="label_supermarketincomereitplc_supermarketincomereitplcGrossRentalIncome_Standard" order="1" xlink:arcrole="http://www.xbrl.org/2003/arcrole/concept-label" />
    <labelArc xlink:type="arc" xlink:from="ifrs-full_RentalIncome" xlink:to="label_supermarketincomereitplc_ifrs-fullRentalIncome_Total" order="1" xlink:arcrole="http://www.xbrl.org/2003/arcrole/concept-label" priority="100" />
    <labelArc xlink:type="arc" xlink:from="supermarketincomereitplc_OperatingProfitBeforeChangesInFairValueOfInvestmentPropertiesShareOfIncomeFromJointVentureAndLossOnDisposals" xlink:to="label_supermarketincomereitplc_supermarketincomereitplcOperatingProfitBeforeChangesInFairValueOfInvestmentPropertiesShareOfIncomeFromJointVentureAndLossOnDisposals_Standard" order="1" xlink:arcrole="http://www.xbrl.org/2003/arcrole/concept-label" />
    <labelArc xlink:type="arc" xlink:from="ifrs-full_NetAssetsLiabilities" xlink:to="label_supermarketincomereitplc_ifrs-fullNetAssetsLiabilities_Total" order="1" xlink:arcrole="http://www.xbrl.org/2003/arcrole/concept-label" priority="100" />
    <labelArc xlink:type="arc" xlink:from="supermarketincomereitplc_NetAssetValuePerShareBasic" xlink:to="label_supermarketincomereitplc_supermarketincomereitplcNetAssetValuePerShareBasic_Standard" order="1" xlink:arcrole="http://www.xbrl.org/2003/arcrole/concept-label" />
    <labelArc xlink:type="arc" xlink:from="supermarketincomereitplc_NetAssetValuePerShareDiluted" xlink:to="label_supermarketincomereitplc_supermarketincomereitplcNetAssetValuePerShareDiluted_Standard" order="1" xlink:arcrole="http://www.xbrl.org/2003/arcrole/concept-label" />
    <labelArc xlink:type="arc" xlink:from="supermarketincomereitplc_EPRANTAPerShare" xlink:to="label_supermarketincomereitplc_supermarketincomereitplcEPRANTAPerShare_Standard" order="1" xlink:arcrole="http://www.xbrl.org/2003/arcrole/concept-label" />
    <labelArc xlink:type="arc" xlink:from="supermarketincomereitplc_AdjustmentsForMovementInRentSmoothingAndLeaseIncentiveAdjustments" xlink:to="label_supermarketincomereitplc_supermarketincomereitplcAdjustmentsForMovementInRentSmoothingAndLeaseIncentiveAdjustments_Standard" order="1" xlink:arcrole="http://www.xbrl.org/2003/arcrole/concept-label" />
    <labelArc xlink:type="arc" xlink:from="ifrs-full_CashFlowsFromUsedInOperationsBeforeChangesInWorkingCapital" xlink:to="label_supermarketincomereitplc_ifrs-fullCashFlowsFromUsedInOperationsBeforeChangesInWorkingCapital_Total" order="1" xlink:arcrole="http://www.xbrl.org/2003/arcrole/concept-label" priority="100" />
    <labelArc xlink:type="arc" xlink:from="ifrs-full_CashFlowsFromUsedInOperatingActivities" xlink:to="label_supermarketincomereitplc_ifrs-fullCashFlowsFromUsedInOperatingActivities_Total" order="1" xlink:arcrole="http://www.xbrl.org/2003/arcrole/concept-label" priority="100" />
    <labelArc xlink:type="arc" xlink:from="supermarketincomereitplc_AcquisitionAndDevelopmentOfInvestmentPropertiesClassifiedAsInvestingActivities" xlink:to="label_supermarketincomereitplc_supermarketincomereitplcAcquisitionAndDevelopmentOfInvestmentPropertiesClassifiedAsInvestingActivities_Standard" order="1" xlink:arcrole="http://www.xbrl.org/2003/arcrole/concept-label" />
    <labelArc xlink:type="arc" xlink:from="supermarketincomereitplc_CapitalisedCostsClassifiedAsInvestingActivities" xlink:to="label_supermarketincomereitplc_supermarketincomereitplcCapitalisedCostsClassifiedAsInvestingActivities_Standard" order="1" xlink:arcrole="http://www.xbrl.org/2003/arcrole/concept-label" />
    <labelArc xlink:type="arc" xlink:from="ifrs-full_CashFlowsFromUsedInInvestingActivities" xlink:to="label_supermarketincomereitplc_ifrs-fullCashFlowsFromUsedInInvestingActivities_Total" order="1" xlink:arcrole="http://www.xbrl.org/2003/arcrole/concept-label" priority="100" />
    <labelArc xlink:type="arc" xlink:from="supermarketincomereitplc_LoanArrangementFeesPaidClassifiedAsFinancingActivities" xlink:to="label_supermarketincomereitplc_supermarketincomereitplcLoanArrangementFeesPaidClassifiedAsFinancingActivities_Standard" order="1" xlink:arcrole="http://www.xbrl.org/2003/arcrole/concept-label" />
    <labelArc xlink:type="arc" xlink:from="supermarketincomereitplc_SettlementOfInterestRateDerivativesClassifiedAsFinancingActivities" xlink:to="label_supermarketincomereitplc_supermarketincomereitplcSettlementOfInterestRateDerivativesClassifiedAsFinancingActivities_Standard" order="1" xlink:arcrole="http://www.xbrl.org/2003/arcrole/concept-label" />
    <labelArc xlink:type="arc" xlink:from="supermarketincomereitplc_SaleOfInterestRateDerivativesClassifiedAsFinancingActivities" xlink:to="label_supermarketincomereitplc_supermarketincomereitplcSaleOfInterestRateDerivativesClassifiedAsFinancingActivities_Standard" order="1" xlink:arcrole="http://www.xbrl.org/2003/arcrole/concept-label" />
    <labelArc xlink:type="arc" xlink:from="supermarketincomereitplc_PurchaseOfInterestRateDerivativeClassifiedAsFinancingActivities" xlink:to="label_supermarketincomereitplc_supermarketincomereitplcPurchaseOfInterestRateDerivativeClassifiedAsFinancingActivities_Standard" order="1" xlink:arcrole="http://www.xbrl.org/2003/arcrole/concept-label" />
    <labelArc xlink:type="arc" xlink:from="supermarketincomereitplc_BankCommitmentFeesPaidClassifiedAsFinancingActivities" xlink:to="label_supermarketincomereitplc_supermarketincomereitplcBankCommitmentFeesPaidClassifiedAsFinancingActivities_Standard" order="1" xlink:arcrole="http://www.xbrl.org/2003/arcrole/concept-label" />
    <labelArc xlink:type="arc" xlink:from="ifrs-full_CashFlowsFromUsedInFinancingActivities" xlink:to="label_supermarketincomereitplc_ifrs-fullCashFlowsFromUsedInFinancingActivities_Total" order="1" xlink:arcrole="http://www.xbrl.org/2003/arcrole/concept-label" priority="100" />
    <labelArc xlink:type="arc" xlink:from="ifrs-full_IncreaseDecreaseInCashAndCashEquivalents" xlink:to="label_supermarketincomereitplc_ifrs-fullIncreaseDecreaseInCashAndCashEquivalents_Total" order="1" xlink:arcrole="http://www.xbrl.org/2003/arcrole/concept-label" priority="100" />
    <labelArc xlink:type="arc" xlink:from="supermarketincomereitplc_DescriptionOfAccountingPolicyForServiceChargeIncome" xlink:to="label_supermarketincomereitplc_supermarketincomereitplcDescriptionOfAccountingPolicyForServiceChargeIncome_Standard" order="1" xlink:arcrole="http://www.xbrl.org/2003/arcrole/concept-label" />
    <labelArc xlink:type="arc" xlink:from="supermarketincomereitplc_DescriptionOfAccountingPolicyForServiceChargeExpense" xlink:to="label_supermarketincomereitplc_supermarketincomereitplcDescriptionOfAccountingPolicyForServiceChargeExpense_Standard" order="1" xlink:arcrole="http://www.xbrl.org/2003/arcrole/concept-label" />
    <labelArc xlink:type="arc" xlink:from="supermarketincomereitplc_DescriptionOfAccountingPolicyForAdministrativeAndOtherExpenses" xlink:to="label_supermarketincomereitplc_supermarketincomereitplcDescriptionOfAccountingPolicyForAdministrativeAndOtherExpenses_Standard" order="1" xlink:arcrole="http://www.xbrl.org/2003/arcrole/concept-label" />
    <labelArc xlink:type="arc" xlink:from="supermarketincomereitplc_DisclosureOfServiceChargeExpense" xlink:to="label_supermarketincomereitplc_supermarketincomereitplcDisclosureOfServiceChargeExpense_Standard" order="1" xlink:arcrole="http://www.xbrl.org/2003/arcrole/concept-label" />
    <label xlink:label="label_supermarketincomereitplc_supermarketincomereitplcGrossRentalIncome_Standard" id="supermarketincomereitplc_supermarketincomereitplcGrossRentalIncome_Standard" xlink:role="http://www.xbrl.org/2003/role/label" xlink:type="resource" xml:lang="en">Gross rental income</label>
    <label xlink:label="label_supermarketincomereitplc_ifrs-fullRentalIncome_Total" id="supermarketincomereitplc_ifrs-fullRentalIncome_Total" xlink:role="http://www.xbrl.org/2003/role/totalLabel" xlink:type="resource" xml:lang="en">Net Rental Income</label>
    <label xlink:label="label_supermarketincomereitplc_supermarketincomereitplcOperatingProfitBeforeChangesInFairValueOfInvestmentPropertiesShareOfIncomeFromJointVentureAndLossOnDisposals_Standard" id="supermarketincomereitplc_supermarketincomereitplcOperatingProfitBeforeChangesInFairValueOfInvestmentPropertiesShareOfIncomeFromJointVentureAndLossOnDisposals_Standard" xlink:role="http://www.xbrl.org/2003/role/label" xlink:type="resource" xml:lang="en">Operating profit before changes in fair value of investment properties, share of income from joint venture and loss on disposals</label>
    <label xlink:label="label_supermarketincomereitplc_ifrs-fullNetAssetsLiabilities_Total" id="supermarketincomereitplc_ifrs-fullNetAssetsLiabilities_Total" xlink:role="http://www.xbrl.org/2003/role/totalLabel" xlink:type="resource" xml:lang="en">Net assets</label>
    <label xlink:label="label_supermarketincomereitplc_supermarketincomereitplcNetAssetValuePerShareBasic_Standard" id="supermarketincomereitplc_supermarketincomereitplcNetAssetValuePerShareBasic_Standard" xlink:role="http://www.xbrl.org/2003/role/label" xlink:type="resource" xml:lang="en">Net asset value per share – basic</label>
    <label xlink:label="label_supermarketincomereitplc_supermarketincomereitplcNetAssetValuePerShareDiluted_Standard" id="supermarketincomereitplc_supermarketincomereitplcNetAssetValuePerShareDiluted_Standard" xlink:role="http://www.xbrl.org/2003/role/label" xlink:type="resource" xml:lang="en">Net asset value per share – diluted</label>
    <label xlink:label="label_supermarketincomereitplc_supermarketincomereitplcEPRANTAPerShare_Standard" id="supermarketincomereitplc_supermarketincomereitplcEPRANTAPerShare_Standard" xlink:role="http://www.xbrl.org/2003/role/label" xlink:type="resource" xml:lang="en">EPRA NTA per share</label>
    <label xlink:label="label_supermarketincomereitplc_supermarketincomereitplcAdjustmentsForMovementInRentSmoothingAndLeaseIncentiveAdjustments_Standard" id="supermarketincomereitplc_supermarketincomereitplcAdjustmentsForMovementInRentSmoothingAndLeaseIncentiveAdjustments_Standard" xlink:role="http://www.xbrl.org/2003/role/label" xlink:type="resource" xml:lang="en">Adjustments for movement in rent smoothing and lease incentive adjustments</label>
    <label xlink:label="label_supermarketincomereitplc_ifrs-fullCashFlowsFromUsedInOperationsBeforeChangesInWorkingCapital_Total" id="supermarketincomereitplc_ifrs-fullCashFlowsFromUsedInOperationsBeforeChangesInWorkingCapital_Total" xlink:role="http://www.xbrl.org/2003/role/totalLabel" xlink:type="resource" xml:lang="en">Cash flows from operating activities before changes in working capital</label>
    <label xlink:label="label_supermarketincomereitplc_ifrs-fullCashFlowsFromUsedInOperatingActivities_Total" id="supermarketincomereitplc_ifrs-fullCashFlowsFromUsedInOperatingActivities_Total" xlink:role="http://www.xbrl.org/2003/role/totalLabel" xlink:type="resource" xml:lang="en">Net cash flows from operating activities</label>
    <label xlink:label="label_supermarketincomereitplc_supermarketincomereitplcAcquisitionAndDevelopmentOfInvestmentPropertiesClassifiedAsInvestingActivities_Standard" id="supermarketincomereitplc_supermarketincomereitplcAcquisitionAndDevelopmentOfInvestmentPropertiesClassifiedAsInvestingActivities_Standard" xlink:role="http://www.xbrl.org/2003/role/label" xlink:type="resource" xml:lang="en">Acquisition and development of investment properties classified as investing activities</label>
    <label xlink:label="label_supermarketincomereitplc_supermarketincomereitplcCapitalisedCostsClassifiedAsInvestingActivities_Standard" id="supermarketincomereitplc_supermarketincomereitplcCapitalisedCostsClassifiedAsInvestingActivities_Standard" xlink:role="http://www.xbrl.org/2003/role/label" xlink:type="resource" xml:lang="en">Capitalised costs classified as investing activities</label>
    <label xlink:label="label_supermarketincomereitplc_ifrs-fullCashFlowsFromUsedInInvestingActivities_Total" id="supermarketincomereitplc_ifrs-fullCashFlowsFromUsedInInvestingActivities_Total" xlink:role="http://www.xbrl.org/2003/role/totalLabel" xlink:type="resource" xml:lang="en">Net cash flows from/(used in) investing activities</label>
    <label xlink:label="label_supermarketincomereitplc_supermarketincomereitplcLoanArrangementFeesPaidClassifiedAsFinancingActivities_Standard" id="supermarketincomereitplc_supermarketincomereitplcLoanArrangementFeesPaidClassifiedAsFinancingActivities_Standard" xlink:role="http://www.xbrl.org/2003/role/label" xlink:type="resource" xml:lang="en">Loan arrangement fees paid classified as financing activities</label>
    <label xlink:label="label_supermarketincomereitplc_supermarketincomereitplcSettlementOfInterestRateDerivativesClassifiedAsFinancingActivities_Standard" id="supermarketincomereitplc_supermarketincomereitplcSettlementOfInterestRateDerivativesClassifiedAsFinancingActivities_Standard" xlink:role="http://www.xbrl.org/2003/role/label" xlink:type="resource" xml:lang="en">Settlement of interest rate derivatives classified as financing activities</label>
    <label xlink:label="label_supermarketincomereitplc_supermarketincomereitplcSaleOfInterestRateDerivativesClassifiedAsFinancingActivities_Standard" id="supermarketincomereitplc_supermarketincomereitplcSaleOfInterestRateDerivativesClassifiedAsFinancingActivities_Standard" xlink:role="http://www.xbrl.org/2003/role/label" xlink:type="resource" xml:lang="en">Sale of interest rate derivatives classified as financing activities</label>
    <label xlink:label="label_supermarketincomereitplc_supermarketincomereitplcPurchaseOfInterestRateDerivativeClassifiedAsFinancingActivities_Standard" id="supermarketincomereitplc_supermarketincomereitplcPurchaseOfInterestRateDerivativeClassifiedAsFinancingActivities_Standard" xlink:role="http://www.xbrl.org/2003/role/label" xlink:type="resource" xml:lang="en">Purchase of interest rate derivative classified as financing activities</label>
    <label xlink:label="label_supermarketincomereitplc_supermarketincomereitplcBankCommitmentFeesPaidClassifiedAsFinancingActivities_Standard" id="supermarketincomereitplc_supermarketincomereitplcBankCommitmentFeesPaidClassifiedAsFinancingActivities_Standard" xlink:role="http://www.xbrl.org/2003/role/label" xlink:type="resource" xml:lang="en">Bank commitment fees paid classified as financing activities</label>
    <label xlink:label="label_supermarketincomereitplc_ifrs-fullCashFlowsFromUsedInFinancingActivities_Total" id="supermarketincomereitplc_ifrs-fullCashFlowsFromUsedInFinancingActivities_Total" xlink:role="http://www.xbrl.org/2003/role/totalLabel" xlink:type="resource" xml:lang="en">Net cash flows used in financing activities</label>
    <label xlink:label="label_supermarketincomereitplc_ifrs-fullIncreaseDecreaseInCashAndCashEquivalents_Total" id="supermarketincomereitplc_ifrs-fullIncreaseDecreaseInCashAndCashEquivalents_Total" xlink:role="http://www.xbrl.org/2003/role/totalLabel" xlink:type="resource" xml:lang="en">Net increase in cash and cash equivalents in the year</label>
    <label xlink:label="label_supermarketincomereitplc_supermarketincomereitplcDescriptionOfAccountingPolicyForServiceChargeIncome_Standard" id="supermarketincomereitplc_supermarketincomereitplcDescriptionOfAccountingPolicyForServiceChargeIncome_Standard" xlink:role="http://www.xbrl.org/2003/role/label" xlink:type="resource" xml:lang="en">Description of accounting policy for service charge income</label>
    <label xlink:label="label_supermarketincomereitplc_supermarketincomereitplcDescriptionOfAccountingPolicyForServiceChargeExpense_Standard" id="supermarketincomereitplc_supermarketincomereitplcDescriptionOfAccountingPolicyForServiceChargeExpense_Standard" xlink:role="http://www.xbrl.org/2003/role/label" xlink:type="resource" xml:lang="en">Description of accounting policy for service charge expense</label>
    <label xlink:label="label_supermarketincomereitplc_supermarketincomereitplcDescriptionOfAccountingPolicyForAdministrativeAndOtherExpenses_Standard" id="supermarketincomereitplc_supermarketincomereitplcDescriptionOfAccountingPolicyForAdministrativeAndOtherExpenses_Standard" xlink:role="http://www.xbrl.org/2003/role/label" xlink:type="resource" xml:lang="en">Description of accounting policy for administrative and other expenses</label>
    <label xlink:label="label_supermarketincomereitplc_supermarketincomereitplcDisclosureOfServiceChargeExpense_Standard" id="supermarketincomereitplc_supermarketincomereitplcDisclosureOfServiceChargeExpense_Standard" xlink:role="http://www.xbrl.org/2003/role/label" xlink:type="resource" xml:lang="en">Disclosure of service charge expense</label>
  </labelLink>
</linkbase>