<?xml version="1.0" encoding="utf-8"?>
<linkbase xsi:schemaLocation="http://www.xbrl.org/2003/linkbase http://www.xbrl.org/2003/xbrl-linkbase-2003-12-31.xsd" xmlns:xsi="http://www.w3.org/2001/XMLSchema-instance" xmlns="http://www.xbrl.org/2003/linkbase">
  <roleRef roleURI="http://supermarketincomereitplc.com/xbrl/2025/roles/StatementOfComprehensiveIncome" xlink:href="2138007FOINJKAM7L537-2025-06-30.xsd#StatementOfComprehensiveIncome" xlink:type="simple" xmlns:xlink="http://www.w3.org/1999/xlink" />
  <roleRef roleURI="http://supermarketincomereitplc.com/xbrl/2025/roles/StatementOfFinancialPosition" xlink:href="2138007FOINJKAM7L537-2025-06-30.xsd#StatementOfFinancialPosition" xlink:type="simple" xmlns:xlink="http://www.w3.org/1999/xlink" />
  <roleRef roleURI="http://supermarketincomereitplc.com/xbrl/2025/roles/StatementOfCashFlows" xlink:href="2138007FOINJKAM7L537-2025-06-30.xsd#StatementOfCashFlows" xlink:type="simple" xmlns:xlink="http://www.w3.org/1999/xlink" />
  <arcroleRef arcroleURI="https://xbrl.org/2023/arcrole/summation-item" xlink:href="https://www.xbrl.org/2023/calculation-1.1.xsd#summation-item" xlink:type="simple" xmlns:xlink="http://www.w3.org/1999/xlink" />
  <calculationLink xlink:role="http://supermarketincomereitplc.com/xbrl/2025/roles/StatementOfComprehensiveIncome" xlink:type="extended" xmlns:xlink="http://www.w3.org/1999/xlink">
    <loc xlink:type="locator" xlink:href="https://xbrl.ifrs.org/taxonomy/2024-03-27/full_ifrs/full_ifrs-cor_2024-03-27.xsd#ifrs-full_RentalIncome" xlink:label="ifrs-full_RentalIncome" />
    <loc xlink:type="locator" xlink:href="2138007FOINJKAM7L537-2025-06-30.xsd#supermarketincomereitplc_GrossRentalIncome" xlink:label="supermarketincomereitplc_GrossRentalIncome" />
    <loc xlink:type="locator" xlink:href="https://xbrl.ifrs.org/taxonomy/2024-03-27/full_ifrs/full_ifrs-cor_2024-03-27.xsd#ifrs-full_PropertyServiceChargeIncome" xlink:label="ifrs-full_PropertyServiceChargeIncome" />
    <loc xlink:type="locator" xlink:href="https://xbrl.ifrs.org/taxonomy/2024-03-27/full_ifrs/full_ifrs-cor_2024-03-27.xsd#ifrs-full_PropertyServiceChargeExpense" xlink:label="ifrs-full_PropertyServiceChargeExpense" />
    <loc xlink:type="locator" xlink:href="https://xbrl.ifrs.org/taxonomy/2024-03-27/full_ifrs/full_ifrs-cor_2024-03-27.xsd#ifrs-full_ProfitLossFromOperatingActivities" xlink:label="ifrs-full_ProfitLossFromOperatingActivities" />
    <loc xlink:type="locator" xlink:href="https://xbrl.ifrs.org/taxonomy/2024-03-27/full_ifrs/full_ifrs-cor_2024-03-27.xsd#ifrs-full_GainsLossesOnFairValueAdjustmentInvestmentProperty" xlink:label="ifrs-full_GainsLossesOnFairValueAdjustmentInvestmentProperty" />
    <loc xlink:type="locator" xlink:href="https://xbrl.ifrs.org/taxonomy/2024-03-27/full_ifrs/full_ifrs-cor_2024-03-27.xsd#ifrs-full_OtherIncome" xlink:label="ifrs-full_OtherIncome" />
    <loc xlink:type="locator" xlink:href="https://xbrl.ifrs.org/taxonomy/2024-03-27/full_ifrs/full_ifrs-cor_2024-03-27.xsd#ifrs-full_TerminationBenefitsExpense" xlink:label="ifrs-full_TerminationBenefitsExpense" />
    <loc xlink:type="locator" xlink:href="https://xbrl.ifrs.org/taxonomy/2024-03-27/full_ifrs/full_ifrs-cor_2024-03-27.xsd#ifrs-full_ShareOfProfitLossOfJointVenturesAccountedForUsingEquityMethod" xlink:label="ifrs-full_ShareOfProfitLossOfJointVenturesAccountedForUsingEquityMethod" />
    <loc xlink:type="locator" xlink:href="https://xbrl.ifrs.org/taxonomy/2024-03-27/full_ifrs/full_ifrs-cor_2024-03-27.xsd#ifrs-full_GainsLossesOnDisposalsOfInvestmentProperties" xlink:label="ifrs-full_GainsLossesOnDisposalsOfInvestmentProperties" />
    <loc xlink:type="locator" xlink:href="2138007FOINJKAM7L537-2025-06-30.xsd#supermarketincomereitplc_OperatingProfitBeforeChangesInFairValueOfInvestmentPropertiesShareOfIncomeFromJointVentureAndLossOnDisposals" xlink:label="supermarketincomereitplc_OperatingProfitBeforeChangesInFairValueOfInvestmentPropertiesShareOfIncomeFromJointVentureAndLossOnDisposals" />
    <loc xlink:type="locator" xlink:href="https://xbrl.ifrs.org/taxonomy/2024-03-27/full_ifrs/full_ifrs-cor_2024-03-27.xsd#ifrs-full_ProfitLossBeforeTax" xlink:label="ifrs-full_ProfitLossBeforeTax" />
    <loc xlink:type="locator" xlink:href="https://xbrl.ifrs.org/taxonomy/2024-03-27/full_ifrs/full_ifrs-cor_2024-03-27.xsd#ifrs-full_FinanceIncome" xlink:label="ifrs-full_FinanceIncome" />
    <loc xlink:type="locator" xlink:href="https://xbrl.ifrs.org/taxonomy/2024-03-27/full_ifrs/full_ifrs-cor_2024-03-27.xsd#ifrs-full_FinanceCosts" xlink:label="ifrs-full_FinanceCosts" />
    <loc xlink:type="locator" xlink:href="https://xbrl.ifrs.org/taxonomy/2024-03-27/full_ifrs/full_ifrs-cor_2024-03-27.xsd#ifrs-full_GainsLossesOnChangeInFairValueOfDerivatives" xlink:label="ifrs-full_GainsLossesOnChangeInFairValueOfDerivatives" />
    <loc xlink:type="locator" xlink:href="https://xbrl.ifrs.org/taxonomy/2024-03-27/full_ifrs/full_ifrs-cor_2024-03-27.xsd#ifrs-full_ProfitLoss" xlink:label="ifrs-full_ProfitLoss" />
    <loc xlink:type="locator" xlink:href="https://xbrl.ifrs.org/taxonomy/2024-03-27/full_ifrs/full_ifrs-cor_2024-03-27.xsd#ifrs-full_IncomeTaxExpenseContinuingOperations" xlink:label="ifrs-full_IncomeTaxExpenseContinuingOperations" />
    <loc xlink:type="locator" xlink:href="https://xbrl.ifrs.org/taxonomy/2024-03-27/full_ifrs/full_ifrs-cor_2024-03-27.xsd#ifrs-full_AdministrativeExpense" xlink:label="ifrs-full_AdministrativeExpense" />
    <calculationArc xlink:type="arc" xlink:from="ifrs-full_RentalIncome" xlink:to="supermarketincomereitplc_GrossRentalIncome" order="3" xlink:arcrole="https://xbrl.org/2023/arcrole/summation-item" priority="1" weight="1.0" />
    <calculationArc xlink:type="arc" xlink:from="ifrs-full_RentalIncome" xlink:to="ifrs-full_PropertyServiceChargeIncome" order="3" xlink:arcrole="https://xbrl.org/2023/arcrole/summation-item" priority="1" weight="1.0" />
    <calculationArc xlink:type="arc" xlink:from="ifrs-full_RentalIncome" xlink:to="ifrs-full_PropertyServiceChargeExpense" order="3" xlink:arcrole="https://xbrl.org/2023/arcrole/summation-item" priority="1" weight="-1.0" />
    <calculationArc xlink:type="arc" xlink:from="ifrs-full_ProfitLossFromOperatingActivities" xlink:to="ifrs-full_GainsLossesOnFairValueAdjustmentInvestmentProperty" order="11" xlink:arcrole="https://xbrl.org/2023/arcrole/summation-item" priority="1" weight="1.0" />
    <calculationArc xlink:type="arc" xlink:from="ifrs-full_ProfitLossFromOperatingActivities" xlink:to="ifrs-full_OtherIncome" order="11" xlink:arcrole="https://xbrl.org/2023/arcrole/summation-item" priority="1" weight="1.0" />
    <calculationArc xlink:type="arc" xlink:from="ifrs-full_ProfitLossFromOperatingActivities" xlink:to="ifrs-full_TerminationBenefitsExpense" order="11" xlink:arcrole="https://xbrl.org/2023/arcrole/summation-item" priority="1" weight="-1.0" />
    <calculationArc xlink:type="arc" xlink:from="ifrs-full_ProfitLossFromOperatingActivities" xlink:to="ifrs-full_ShareOfProfitLossOfJointVenturesAccountedForUsingEquityMethod" order="11" xlink:arcrole="https://xbrl.org/2023/arcrole/summation-item" priority="1" weight="1.0" />
    <calculationArc xlink:type="arc" xlink:from="ifrs-full_ProfitLossFromOperatingActivities" xlink:to="ifrs-full_GainsLossesOnDisposalsOfInvestmentProperties" order="11" xlink:arcrole="https://xbrl.org/2023/arcrole/summation-item" priority="1" weight="1.0" />
    <calculationArc xlink:type="arc" xlink:from="ifrs-full_ProfitLossFromOperatingActivities" xlink:to="supermarketincomereitplc_OperatingProfitBeforeChangesInFairValueOfInvestmentPropertiesShareOfIncomeFromJointVentureAndLossOnDisposals" order="11" xlink:arcrole="https://xbrl.org/2023/arcrole/summation-item" priority="1" weight="1.0" />
    <calculationArc xlink:type="arc" xlink:from="ifrs-full_ProfitLossBeforeTax" xlink:to="ifrs-full_ProfitLossFromOperatingActivities" order="15" xlink:arcrole="https://xbrl.org/2023/arcrole/summation-item" priority="1" weight="1.0" />
    <calculationArc xlink:type="arc" xlink:from="ifrs-full_ProfitLossBeforeTax" xlink:to="ifrs-full_FinanceIncome" order="15" xlink:arcrole="https://xbrl.org/2023/arcrole/summation-item" priority="1" weight="1.0" />
    <calculationArc xlink:type="arc" xlink:from="ifrs-full_ProfitLossBeforeTax" xlink:to="ifrs-full_FinanceCosts" order="15" xlink:arcrole="https://xbrl.org/2023/arcrole/summation-item" priority="1" weight="-1.0" />
    <calculationArc xlink:type="arc" xlink:from="ifrs-full_ProfitLossBeforeTax" xlink:to="ifrs-full_GainsLossesOnChangeInFairValueOfDerivatives" order="15" xlink:arcrole="https://xbrl.org/2023/arcrole/summation-item" priority="1" weight="1.0" />
    <calculationArc xlink:type="arc" xlink:from="ifrs-full_ProfitLoss" xlink:to="ifrs-full_ProfitLossBeforeTax" order="17" xlink:arcrole="https://xbrl.org/2023/arcrole/summation-item" priority="1" weight="1.0" />
    <calculationArc xlink:type="arc" xlink:from="ifrs-full_ProfitLoss" xlink:to="ifrs-full_IncomeTaxExpenseContinuingOperations" order="17" xlink:arcrole="https://xbrl.org/2023/arcrole/summation-item" priority="1" weight="-1.0" />
    <calculationArc xlink:type="arc" xlink:from="supermarketincomereitplc_OperatingProfitBeforeChangesInFairValueOfInvestmentPropertiesShareOfIncomeFromJointVentureAndLossOnDisposals" xlink:to="ifrs-full_RentalIncome" order="5" xlink:arcrole="https://xbrl.org/2023/arcrole/summation-item" priority="1" weight="1.0" />
    <calculationArc xlink:type="arc" xlink:from="supermarketincomereitplc_OperatingProfitBeforeChangesInFairValueOfInvestmentPropertiesShareOfIncomeFromJointVentureAndLossOnDisposals" xlink:to="ifrs-full_AdministrativeExpense" order="5" xlink:arcrole="https://xbrl.org/2023/arcrole/summation-item" priority="1" weight="-1.0" />
  </calculationLink>
  <calculationLink xlink:role="http://supermarketincomereitplc.com/xbrl/2025/roles/StatementOfFinancialPosition" xlink:type="extended" xmlns:xlink="http://www.w3.org/1999/xlink">
    <loc xlink:type="locator" xlink:href="https://xbrl.ifrs.org/taxonomy/2024-03-27/full_ifrs/full_ifrs-cor_2024-03-27.xsd#ifrs-full_NoncurrentAssets" xlink:label="ifrs-full_NoncurrentAssets" />
    <loc xlink:type="locator" xlink:href="https://xbrl.ifrs.org/taxonomy/2024-03-27/full_ifrs/full_ifrs-cor_2024-03-27.xsd#ifrs-full_InvestmentProperty" xlink:label="ifrs-full_InvestmentProperty" />
    <loc xlink:type="locator" xlink:href="https://xbrl.ifrs.org/taxonomy/2024-03-27/full_ifrs/full_ifrs-cor_2024-03-27.xsd#ifrs-full_InvestmentsInJointVentures" xlink:label="ifrs-full_InvestmentsInJointVentures" />
    <loc xlink:type="locator" xlink:href="https://xbrl.ifrs.org/taxonomy/2024-03-27/full_ifrs/full_ifrs-cor_2024-03-27.xsd#ifrs-full_NoncurrentFinancialAssetsAtAmortisedCost" xlink:label="ifrs-full_NoncurrentFinancialAssetsAtAmortisedCost" />
    <loc xlink:type="locator" xlink:href="https://xbrl.ifrs.org/taxonomy/2024-03-27/full_ifrs/full_ifrs-cor_2024-03-27.xsd#ifrs-full_NoncurrentDerivativeFinancialAssets" xlink:label="ifrs-full_NoncurrentDerivativeFinancialAssets" />
    <loc xlink:type="locator" xlink:href="https://xbrl.ifrs.org/taxonomy/2024-03-27/full_ifrs/full_ifrs-cor_2024-03-27.xsd#ifrs-full_DeferredTaxAssets" xlink:label="ifrs-full_DeferredTaxAssets" />
    <loc xlink:type="locator" xlink:href="https://xbrl.ifrs.org/taxonomy/2024-03-27/full_ifrs/full_ifrs-cor_2024-03-27.xsd#ifrs-full_PropertyPlantAndEquipment" xlink:label="ifrs-full_PropertyPlantAndEquipment" />
    <loc xlink:type="locator" xlink:href="https://xbrl.ifrs.org/taxonomy/2024-03-27/full_ifrs/full_ifrs-cor_2024-03-27.xsd#ifrs-full_CurrentAssets" xlink:label="ifrs-full_CurrentAssets" />
    <loc xlink:type="locator" xlink:href="https://xbrl.ifrs.org/taxonomy/2024-03-27/full_ifrs/full_ifrs-cor_2024-03-27.xsd#ifrs-full_CurrentDerivativeFinancialAssets" xlink:label="ifrs-full_CurrentDerivativeFinancialAssets" />
    <loc xlink:type="locator" xlink:href="https://xbrl.ifrs.org/taxonomy/2024-03-27/full_ifrs/full_ifrs-cor_2024-03-27.xsd#ifrs-full_TradeAndOtherCurrentReceivables" xlink:label="ifrs-full_TradeAndOtherCurrentReceivables" />
    <loc xlink:type="locator" xlink:href="https://xbrl.ifrs.org/taxonomy/2024-03-27/full_ifrs/full_ifrs-cor_2024-03-27.xsd#ifrs-full_CashAndCashEquivalents" xlink:label="ifrs-full_CashAndCashEquivalents" />
    <loc xlink:type="locator" xlink:href="https://xbrl.ifrs.org/taxonomy/2024-03-27/full_ifrs/full_ifrs-cor_2024-03-27.xsd#ifrs-full_Assets" xlink:label="ifrs-full_Assets" />
    <loc xlink:type="locator" xlink:href="https://xbrl.ifrs.org/taxonomy/2024-03-27/full_ifrs/full_ifrs-cor_2024-03-27.xsd#ifrs-full_NoncurrentLiabilities" xlink:label="ifrs-full_NoncurrentLiabilities" />
    <loc xlink:type="locator" xlink:href="https://xbrl.ifrs.org/taxonomy/2024-03-27/full_ifrs/full_ifrs-cor_2024-03-27.xsd#ifrs-full_LongtermBorrowings" xlink:label="ifrs-full_LongtermBorrowings" />
    <loc xlink:type="locator" xlink:href="https://xbrl.ifrs.org/taxonomy/2024-03-27/full_ifrs/full_ifrs-cor_2024-03-27.xsd#ifrs-full_NoncurrentPayables" xlink:label="ifrs-full_NoncurrentPayables" />
    <loc xlink:type="locator" xlink:href="https://xbrl.ifrs.org/taxonomy/2024-03-27/full_ifrs/full_ifrs-cor_2024-03-27.xsd#ifrs-full_CurrentLiabilities" xlink:label="ifrs-full_CurrentLiabilities" />
    <loc xlink:type="locator" xlink:href="https://xbrl.ifrs.org/taxonomy/2024-03-27/full_ifrs/full_ifrs-cor_2024-03-27.xsd#ifrs-full_ShorttermBorrowings" xlink:label="ifrs-full_ShorttermBorrowings" />
    <loc xlink:type="locator" xlink:href="https://xbrl.ifrs.org/taxonomy/2024-03-27/full_ifrs/full_ifrs-cor_2024-03-27.xsd#ifrs-full_RentDeferredIncomeClassifiedAsCurrent" xlink:label="ifrs-full_RentDeferredIncomeClassifiedAsCurrent" />
    <loc xlink:type="locator" xlink:href="https://xbrl.ifrs.org/taxonomy/2024-03-27/full_ifrs/full_ifrs-cor_2024-03-27.xsd#ifrs-full_TradeAndOtherCurrentPayables" xlink:label="ifrs-full_TradeAndOtherCurrentPayables" />
    <loc xlink:type="locator" xlink:href="https://xbrl.ifrs.org/taxonomy/2024-03-27/full_ifrs/full_ifrs-cor_2024-03-27.xsd#ifrs-full_Liabilities" xlink:label="ifrs-full_Liabilities" />
    <loc xlink:type="locator" xlink:href="https://xbrl.ifrs.org/taxonomy/2024-03-27/full_ifrs/full_ifrs-cor_2024-03-27.xsd#ifrs-full_NetAssetsLiabilities" xlink:label="ifrs-full_NetAssetsLiabilities" />
    <loc xlink:type="locator" xlink:href="https://xbrl.ifrs.org/taxonomy/2024-03-27/full_ifrs/full_ifrs-cor_2024-03-27.xsd#ifrs-full_Equity" xlink:label="ifrs-full_Equity" />
    <loc xlink:type="locator" xlink:href="https://xbrl.ifrs.org/taxonomy/2024-03-27/full_ifrs/full_ifrs-cor_2024-03-27.xsd#ifrs-full_IssuedCapital" xlink:label="ifrs-full_IssuedCapital" />
    <loc xlink:type="locator" xlink:href="https://xbrl.ifrs.org/taxonomy/2024-03-27/full_ifrs/full_ifrs-cor_2024-03-27.xsd#ifrs-full_SharePremium" xlink:label="ifrs-full_SharePremium" />
    <loc xlink:type="locator" xlink:href="https://xbrl.ifrs.org/taxonomy/2024-03-27/full_ifrs/full_ifrs-cor_2024-03-27.xsd#ifrs-full_CapitalReserve" xlink:label="ifrs-full_CapitalReserve" />
    <loc xlink:type="locator" xlink:href="https://xbrl.ifrs.org/taxonomy/2024-03-27/full_ifrs/full_ifrs-cor_2024-03-27.xsd#ifrs-full_ReserveOfSharebasedPayments" xlink:label="ifrs-full_ReserveOfSharebasedPayments" />
    <loc xlink:type="locator" xlink:href="https://xbrl.ifrs.org/taxonomy/2024-03-27/full_ifrs/full_ifrs-cor_2024-03-27.xsd#ifrs-full_ReserveOfCashFlowHedges" xlink:label="ifrs-full_ReserveOfCashFlowHedges" />
    <loc xlink:type="locator" xlink:href="https://xbrl.ifrs.org/taxonomy/2024-03-27/full_ifrs/full_ifrs-cor_2024-03-27.xsd#ifrs-full_OtherReserves" xlink:label="ifrs-full_OtherReserves" />
    <loc xlink:type="locator" xlink:href="https://xbrl.ifrs.org/taxonomy/2024-03-27/full_ifrs/full_ifrs-cor_2024-03-27.xsd#ifrs-full_RetainedEarnings" xlink:label="ifrs-full_RetainedEarnings" />
    <calculationArc xlink:type="arc" xlink:from="ifrs-full_NoncurrentAssets" xlink:to="ifrs-full_InvestmentProperty" order="6" xlink:arcrole="https://xbrl.org/2023/arcrole/summation-item" priority="1" weight="1.0" />
    <calculationArc xlink:type="arc" xlink:from="ifrs-full_NoncurrentAssets" xlink:to="ifrs-full_InvestmentsInJointVentures" order="6" xlink:arcrole="https://xbrl.org/2023/arcrole/summation-item" priority="1" weight="1.0" />
    <calculationArc xlink:type="arc" xlink:from="ifrs-full_NoncurrentAssets" xlink:to="ifrs-full_NoncurrentFinancialAssetsAtAmortisedCost" order="6" xlink:arcrole="https://xbrl.org/2023/arcrole/summation-item" priority="1" weight="1.0" />
    <calculationArc xlink:type="arc" xlink:from="ifrs-full_NoncurrentAssets" xlink:to="ifrs-full_NoncurrentDerivativeFinancialAssets" order="6" xlink:arcrole="https://xbrl.org/2023/arcrole/summation-item" priority="1" weight="1.0" />
    <calculationArc xlink:type="arc" xlink:from="ifrs-full_NoncurrentAssets" xlink:to="ifrs-full_DeferredTaxAssets" order="6" xlink:arcrole="https://xbrl.org/2023/arcrole/summation-item" priority="1" weight="1.0" />
    <calculationArc xlink:type="arc" xlink:from="ifrs-full_NoncurrentAssets" xlink:to="ifrs-full_PropertyPlantAndEquipment" order="6" xlink:arcrole="https://xbrl.org/2023/arcrole/summation-item" priority="1" weight="1.0" />
    <calculationArc xlink:type="arc" xlink:from="ifrs-full_CurrentAssets" xlink:to="ifrs-full_CurrentDerivativeFinancialAssets" order="10" xlink:arcrole="https://xbrl.org/2023/arcrole/summation-item" priority="1" weight="1.0" />
    <calculationArc xlink:type="arc" xlink:from="ifrs-full_CurrentAssets" xlink:to="ifrs-full_TradeAndOtherCurrentReceivables" order="10" xlink:arcrole="https://xbrl.org/2023/arcrole/summation-item" priority="1" weight="1.0" />
    <calculationArc xlink:type="arc" xlink:from="ifrs-full_CurrentAssets" xlink:to="ifrs-full_CashAndCashEquivalents" order="10" xlink:arcrole="https://xbrl.org/2023/arcrole/summation-item" priority="1" weight="1.0" />
    <calculationArc xlink:type="arc" xlink:from="ifrs-full_Assets" xlink:to="ifrs-full_CurrentAssets" order="11" xlink:arcrole="https://xbrl.org/2023/arcrole/summation-item" priority="1" weight="1.0" />
    <calculationArc xlink:type="arc" xlink:from="ifrs-full_Assets" xlink:to="ifrs-full_NoncurrentAssets" order="11" xlink:arcrole="https://xbrl.org/2023/arcrole/summation-item" priority="1" weight="1.0" />
    <calculationArc xlink:type="arc" xlink:from="ifrs-full_NoncurrentLiabilities" xlink:to="ifrs-full_LongtermBorrowings" order="14" xlink:arcrole="https://xbrl.org/2023/arcrole/summation-item" priority="1" weight="1.0" />
    <calculationArc xlink:type="arc" xlink:from="ifrs-full_NoncurrentLiabilities" xlink:to="ifrs-full_NoncurrentPayables" order="14" xlink:arcrole="https://xbrl.org/2023/arcrole/summation-item" priority="1" weight="1.0" />
    <calculationArc xlink:type="arc" xlink:from="ifrs-full_CurrentLiabilities" xlink:to="ifrs-full_ShorttermBorrowings" order="18" xlink:arcrole="https://xbrl.org/2023/arcrole/summation-item" priority="1" weight="1.0" />
    <calculationArc xlink:type="arc" xlink:from="ifrs-full_CurrentLiabilities" xlink:to="ifrs-full_RentDeferredIncomeClassifiedAsCurrent" order="18" xlink:arcrole="https://xbrl.org/2023/arcrole/summation-item" priority="1" weight="1.0" />
    <calculationArc xlink:type="arc" xlink:from="ifrs-full_CurrentLiabilities" xlink:to="ifrs-full_TradeAndOtherCurrentPayables" order="18" xlink:arcrole="https://xbrl.org/2023/arcrole/summation-item" priority="1" weight="1.0" />
    <calculationArc xlink:type="arc" xlink:from="ifrs-full_Liabilities" xlink:to="ifrs-full_CurrentLiabilities" order="19" xlink:arcrole="https://xbrl.org/2023/arcrole/summation-item" priority="1" weight="1.0" />
    <calculationArc xlink:type="arc" xlink:from="ifrs-full_Liabilities" xlink:to="ifrs-full_NoncurrentLiabilities" order="19" xlink:arcrole="https://xbrl.org/2023/arcrole/summation-item" priority="1" weight="1.0" />
    <calculationArc xlink:type="arc" xlink:from="ifrs-full_NetAssetsLiabilities" xlink:to="ifrs-full_Liabilities" order="20" xlink:arcrole="https://xbrl.org/2023/arcrole/summation-item" priority="1" weight="-1.0" />
    <calculationArc xlink:type="arc" xlink:from="ifrs-full_NetAssetsLiabilities" xlink:to="ifrs-full_Assets" order="20" xlink:arcrole="https://xbrl.org/2023/arcrole/summation-item" priority="1" weight="1.0" />
    <calculationArc xlink:type="arc" xlink:from="ifrs-full_Equity" xlink:to="ifrs-full_IssuedCapital" order="28" xlink:arcrole="https://xbrl.org/2023/arcrole/summation-item" priority="1" weight="1.0" />
    <calculationArc xlink:type="arc" xlink:from="ifrs-full_Equity" xlink:to="ifrs-full_SharePremium" order="28" xlink:arcrole="https://xbrl.org/2023/arcrole/summation-item" priority="1" weight="1.0" />
    <calculationArc xlink:type="arc" xlink:from="ifrs-full_Equity" xlink:to="ifrs-full_CapitalReserve" order="28" xlink:arcrole="https://xbrl.org/2023/arcrole/summation-item" priority="1" weight="1.0" />
    <calculationArc xlink:type="arc" xlink:from="ifrs-full_Equity" xlink:to="ifrs-full_ReserveOfSharebasedPayments" order="28" xlink:arcrole="https://xbrl.org/2023/arcrole/summation-item" priority="1" weight="1.0" />
    <calculationArc xlink:type="arc" xlink:from="ifrs-full_Equity" xlink:to="ifrs-full_ReserveOfCashFlowHedges" order="28" xlink:arcrole="https://xbrl.org/2023/arcrole/summation-item" priority="1" weight="1.0" />
    <calculationArc xlink:type="arc" xlink:from="ifrs-full_Equity" xlink:to="ifrs-full_OtherReserves" order="28" xlink:arcrole="https://xbrl.org/2023/arcrole/summation-item" priority="1" weight="1.0" />
    <calculationArc xlink:type="arc" xlink:from="ifrs-full_Equity" xlink:to="ifrs-full_RetainedEarnings" order="28" xlink:arcrole="https://xbrl.org/2023/arcrole/summation-item" priority="1" weight="1.0" />
  </calculationLink>
  <calculationLink xlink:role="http://supermarketincomereitplc.com/xbrl/2025/roles/StatementOfCashFlows" xlink:type="extended" xmlns:xlink="http://www.w3.org/1999/xlink">
    <loc xlink:type="locator" xlink:href="https://xbrl.ifrs.org/taxonomy/2024-03-27/full_ifrs/full_ifrs-cor_2024-03-27.xsd#ifrs-full_CashFlowsFromUsedInOperatingActivities" xlink:label="ifrs-full_CashFlowsFromUsedInOperatingActivities" />
    <loc xlink:type="locator" xlink:href="https://xbrl.ifrs.org/taxonomy/2024-03-27/full_ifrs/full_ifrs-cor_2024-03-27.xsd#ifrs-full_CashFlowsFromUsedInOperationsBeforeChangesInWorkingCapital" xlink:label="ifrs-full_CashFlowsFromUsedInOperationsBeforeChangesInWorkingCapital" />
    <loc xlink:type="locator" xlink:href="https://xbrl.ifrs.org/taxonomy/2024-03-27/full_ifrs/full_ifrs-cor_2024-03-27.xsd#ifrs-full_AdjustmentsForDecreaseIncreaseInTradeAndOtherReceivables" xlink:label="ifrs-full_AdjustmentsForDecreaseIncreaseInTradeAndOtherReceivables" />
    <loc xlink:type="locator" xlink:href="https://xbrl.ifrs.org/taxonomy/2024-03-27/full_ifrs/full_ifrs-cor_2024-03-27.xsd#ifrs-full_AdjustmentsForIncreaseDecreaseInDeferredIncomeOtherThanContractLiabilities" xlink:label="ifrs-full_AdjustmentsForIncreaseDecreaseInDeferredIncomeOtherThanContractLiabilities" />
    <loc xlink:type="locator" xlink:href="https://xbrl.ifrs.org/taxonomy/2024-03-27/full_ifrs/full_ifrs-cor_2024-03-27.xsd#ifrs-full_AdjustmentsForIncreaseDecreaseInTradeAndOtherPayables" xlink:label="ifrs-full_AdjustmentsForIncreaseDecreaseInTradeAndOtherPayables" />
    <loc xlink:type="locator" xlink:href="https://xbrl.ifrs.org/taxonomy/2024-03-27/full_ifrs/full_ifrs-cor_2024-03-27.xsd#ifrs-full_CashFlowsFromUsedInInvestingActivities" xlink:label="ifrs-full_CashFlowsFromUsedInInvestingActivities" />
    <loc xlink:type="locator" xlink:href="https://xbrl.ifrs.org/taxonomy/2024-03-27/full_ifrs/full_ifrs-cor_2024-03-27.xsd#ifrs-full_PurchaseOfPropertyPlantAndEquipmentClassifiedAsInvestingActivities" xlink:label="ifrs-full_PurchaseOfPropertyPlantAndEquipmentClassifiedAsInvestingActivities" />
    <loc xlink:type="locator" xlink:href="2138007FOINJKAM7L537-2025-06-30.xsd#supermarketincomereitplc_AcquisitionAndDevelopmentOfInvestmentPropertiesClassifiedAsInvestingActivities" xlink:label="supermarketincomereitplc_AcquisitionAndDevelopmentOfInvestmentPropertiesClassifiedAsInvestingActivities" />
    <loc xlink:type="locator" xlink:href="2138007FOINJKAM7L537-2025-06-30.xsd#supermarketincomereitplc_CapitalisedCostsClassifiedAsInvestingActivities" xlink:label="supermarketincomereitplc_CapitalisedCostsClassifiedAsInvestingActivities" />
    <loc xlink:type="locator" xlink:href="https://xbrl.ifrs.org/taxonomy/2024-03-27/full_ifrs/full_ifrs-cor_2024-03-27.xsd#ifrs-full_ProceedsFromSalesOfInvestmentProperty" xlink:label="ifrs-full_ProceedsFromSalesOfInvestmentProperty" />
    <loc xlink:type="locator" xlink:href="https://xbrl.ifrs.org/taxonomy/2024-03-27/full_ifrs/full_ifrs-cor_2024-03-27.xsd#ifrs-full_InterestReceivedClassifiedAsInvestingActivities" xlink:label="ifrs-full_InterestReceivedClassifiedAsInvestingActivities" />
    <loc xlink:type="locator" xlink:href="https://xbrl.ifrs.org/taxonomy/2024-03-27/full_ifrs/full_ifrs-cor_2024-03-27.xsd#ifrs-full_ProceedsFromSalesOrMaturityOfFinancialAssetsMeasuredAtAmortisedCostClassifiedAsInvestingActivities" xlink:label="ifrs-full_ProceedsFromSalesOrMaturityOfFinancialAssetsMeasuredAtAmortisedCostClassifiedAsInvestingActivities" />
    <loc xlink:type="locator" xlink:href="https://xbrl.ifrs.org/taxonomy/2024-03-27/full_ifrs/full_ifrs-cor_2024-03-27.xsd#ifrs-full_OtherCashPaymentsToAcquireInterestsInJointVenturesClassifiedAsInvestingActivities" xlink:label="ifrs-full_OtherCashPaymentsToAcquireInterestsInJointVenturesClassifiedAsInvestingActivities" />
    <loc xlink:type="locator" xlink:href="https://xbrl.ifrs.org/taxonomy/2024-03-27/full_ifrs/full_ifrs-cor_2024-03-27.xsd#ifrs-full_OtherCashReceiptsFromSalesOfInterestsInJointVenturesClassifiedAsInvestingActivities" xlink:label="ifrs-full_OtherCashReceiptsFromSalesOfInterestsInJointVenturesClassifiedAsInvestingActivities" />
    <loc xlink:type="locator" xlink:href="https://xbrl.ifrs.org/taxonomy/2024-03-27/full_ifrs/full_ifrs-cor_2024-03-27.xsd#ifrs-full_CashFlowsFromUsedInFinancingActivities" xlink:label="ifrs-full_CashFlowsFromUsedInFinancingActivities" />
    <loc xlink:type="locator" xlink:href="https://xbrl.ifrs.org/taxonomy/2024-03-27/full_ifrs/full_ifrs-cor_2024-03-27.xsd#ifrs-full_ProceedsFromBorrowingsClassifiedAsFinancingActivities" xlink:label="ifrs-full_ProceedsFromBorrowingsClassifiedAsFinancingActivities" />
    <loc xlink:type="locator" xlink:href="https://xbrl.ifrs.org/taxonomy/2024-03-27/full_ifrs/full_ifrs-cor_2024-03-27.xsd#ifrs-full_RepaymentsOfBorrowingsClassifiedAsFinancingActivities" xlink:label="ifrs-full_RepaymentsOfBorrowingsClassifiedAsFinancingActivities" />
    <loc xlink:type="locator" xlink:href="2138007FOINJKAM7L537-2025-06-30.xsd#supermarketincomereitplc_LoanArrangementFeesPaidClassifiedAsFinancingActivities" xlink:label="supermarketincomereitplc_LoanArrangementFeesPaidClassifiedAsFinancingActivities" />
    <loc xlink:type="locator" xlink:href="https://xbrl.ifrs.org/taxonomy/2024-03-27/full_ifrs/full_ifrs-cor_2024-03-27.xsd#ifrs-full_InterestPaidClassifiedAsFinancingActivities" xlink:label="ifrs-full_InterestPaidClassifiedAsFinancingActivities" />
    <loc xlink:type="locator" xlink:href="2138007FOINJKAM7L537-2025-06-30.xsd#supermarketincomereitplc_SettlementOfInterestRateDerivativesClassifiedAsFinancingActivities" xlink:label="supermarketincomereitplc_SettlementOfInterestRateDerivativesClassifiedAsFinancingActivities" />
    <loc xlink:type="locator" xlink:href="2138007FOINJKAM7L537-2025-06-30.xsd#supermarketincomereitplc_SaleOfInterestRateDerivativesClassifiedAsFinancingActivities" xlink:label="supermarketincomereitplc_SaleOfInterestRateDerivativesClassifiedAsFinancingActivities" />
    <loc xlink:type="locator" xlink:href="2138007FOINJKAM7L537-2025-06-30.xsd#supermarketincomereitplc_PurchaseOfInterestRateDerivativeClassifiedAsFinancingActivities" xlink:label="supermarketincomereitplc_PurchaseOfInterestRateDerivativeClassifiedAsFinancingActivities" />
    <loc xlink:type="locator" xlink:href="2138007FOINJKAM7L537-2025-06-30.xsd#supermarketincomereitplc_BankCommitmentFeesPaidClassifiedAsFinancingActivities" xlink:label="supermarketincomereitplc_BankCommitmentFeesPaidClassifiedAsFinancingActivities" />
    <loc xlink:type="locator" xlink:href="https://xbrl.ifrs.org/taxonomy/2024-03-27/full_ifrs/full_ifrs-cor_2024-03-27.xsd#ifrs-full_DividendsPaidClassifiedAsFinancingActivities" xlink:label="ifrs-full_DividendsPaidClassifiedAsFinancingActivities" />
    <loc xlink:type="locator" xlink:href="https://xbrl.ifrs.org/taxonomy/2024-03-27/full_ifrs/full_ifrs-cor_2024-03-27.xsd#ifrs-full_IncreaseDecreaseInCashAndCashEquivalents" xlink:label="ifrs-full_IncreaseDecreaseInCashAndCashEquivalents" />
    <loc xlink:type="locator" xlink:href="https://xbrl.ifrs.org/taxonomy/2024-03-27/full_ifrs/full_ifrs-cor_2024-03-27.xsd#ifrs-full_ProfitLoss" xlink:label="ifrs-full_ProfitLoss" />
    <loc xlink:type="locator" xlink:href="https://xbrl.ifrs.org/taxonomy/2024-03-27/full_ifrs/full_ifrs-cor_2024-03-27.xsd#ifrs-full_AdjustmentsForIncomeTaxExpense" xlink:label="ifrs-full_AdjustmentsForIncomeTaxExpense" />
    <loc xlink:type="locator" xlink:href="https://xbrl.ifrs.org/taxonomy/2024-03-27/full_ifrs/full_ifrs-cor_2024-03-27.xsd#ifrs-full_AdjustmentsForGainsLossesOnChangeInFairValueOfDerivatives" xlink:label="ifrs-full_AdjustmentsForGainsLossesOnChangeInFairValueOfDerivatives" />
    <loc xlink:type="locator" xlink:href="https://xbrl.ifrs.org/taxonomy/2024-03-27/full_ifrs/full_ifrs-cor_2024-03-27.xsd#ifrs-full_AdjustmentsForGainsLossesOnFairValueAdjustmentInvestmentProperty" xlink:label="ifrs-full_AdjustmentsForGainsLossesOnFairValueAdjustmentInvestmentProperty" />
    <loc xlink:type="locator" xlink:href="2138007FOINJKAM7L537-2025-06-30.xsd#supermarketincomereitplc_AdjustmentsForMovementInRentSmoothingAndLeaseIncentiveAdjustments" xlink:label="supermarketincomereitplc_AdjustmentsForMovementInRentSmoothingAndLeaseIncentiveAdjustments" />
    <loc xlink:type="locator" xlink:href="https://xbrl.ifrs.org/taxonomy/2024-03-27/full_ifrs/full_ifrs-cor_2024-03-27.xsd#ifrs-full_AdjustmentsForAmortisationExpense" xlink:label="ifrs-full_AdjustmentsForAmortisationExpense" />
    <loc xlink:type="locator" xlink:href="https://xbrl.ifrs.org/taxonomy/2024-03-27/full_ifrs/full_ifrs-cor_2024-03-27.xsd#ifrs-full_AdjustmentsForFinanceIncome" xlink:label="ifrs-full_AdjustmentsForFinanceIncome" />
    <loc xlink:type="locator" xlink:href="https://xbrl.ifrs.org/taxonomy/2024-03-27/full_ifrs/full_ifrs-cor_2024-03-27.xsd#ifrs-full_AdjustmentsForFinanceCosts" xlink:label="ifrs-full_AdjustmentsForFinanceCosts" />
    <loc xlink:type="locator" xlink:href="https://xbrl.ifrs.org/taxonomy/2024-03-27/full_ifrs/full_ifrs-cor_2024-03-27.xsd#ifrs-full_AdjustmentsForUndistributedProfitsOfInvestmentsAccountedForUsingEquityMethod" xlink:label="ifrs-full_AdjustmentsForUndistributedProfitsOfInvestmentsAccountedForUsingEquityMethod" />
    <loc xlink:type="locator" xlink:href="https://xbrl.ifrs.org/taxonomy/2024-03-27/full_ifrs/full_ifrs-cor_2024-03-27.xsd#ifrs-full_AdjustmentsForLossesGainsOnDisposalOfNoncurrentAssets" xlink:label="ifrs-full_AdjustmentsForLossesGainsOnDisposalOfNoncurrentAssets" />
    <loc xlink:type="locator" xlink:href="https://xbrl.ifrs.org/taxonomy/2024-03-27/full_ifrs/full_ifrs-cor_2024-03-27.xsd#ifrs-full_AdjustmentsForSharebasedPayments" xlink:label="ifrs-full_AdjustmentsForSharebasedPayments" />
    <loc xlink:type="locator" xlink:href="https://xbrl.ifrs.org/taxonomy/2024-03-27/full_ifrs/full_ifrs-cor_2024-03-27.xsd#ifrs-full_AdjustmentsForUnrealisedForeignExchangeLossesGains" xlink:label="ifrs-full_AdjustmentsForUnrealisedForeignExchangeLossesGains" />
    <calculationArc xlink:type="arc" xlink:from="ifrs-full_CashFlowsFromUsedInOperatingActivities" xlink:to="ifrs-full_CashFlowsFromUsedInOperationsBeforeChangesInWorkingCapital" order="16" xlink:arcrole="https://xbrl.org/2023/arcrole/summation-item" priority="1" weight="1.0" />
    <calculationArc xlink:type="arc" xlink:from="ifrs-full_CashFlowsFromUsedInOperatingActivities" xlink:to="ifrs-full_AdjustmentsForDecreaseIncreaseInTradeAndOtherReceivables" order="16" xlink:arcrole="https://xbrl.org/2023/arcrole/summation-item" priority="1" weight="1.0" />
    <calculationArc xlink:type="arc" xlink:from="ifrs-full_CashFlowsFromUsedInOperatingActivities" xlink:to="ifrs-full_AdjustmentsForIncreaseDecreaseInDeferredIncomeOtherThanContractLiabilities" order="16" xlink:arcrole="https://xbrl.org/2023/arcrole/summation-item" priority="1" weight="1.0" />
    <calculationArc xlink:type="arc" xlink:from="ifrs-full_CashFlowsFromUsedInOperatingActivities" xlink:to="ifrs-full_AdjustmentsForIncreaseDecreaseInTradeAndOtherPayables" order="16" xlink:arcrole="https://xbrl.org/2023/arcrole/summation-item" priority="1" weight="1.0" />
    <calculationArc xlink:type="arc" xlink:from="ifrs-full_CashFlowsFromUsedInInvestingActivities" xlink:to="ifrs-full_PurchaseOfPropertyPlantAndEquipmentClassifiedAsInvestingActivities" order="25" xlink:arcrole="https://xbrl.org/2023/arcrole/summation-item" priority="1" weight="-1.0" />
    <calculationArc xlink:type="arc" xlink:from="ifrs-full_CashFlowsFromUsedInInvestingActivities" xlink:to="supermarketincomereitplc_AcquisitionAndDevelopmentOfInvestmentPropertiesClassifiedAsInvestingActivities" order="25" xlink:arcrole="https://xbrl.org/2023/arcrole/summation-item" priority="1" weight="-1.0" />
    <calculationArc xlink:type="arc" xlink:from="ifrs-full_CashFlowsFromUsedInInvestingActivities" xlink:to="supermarketincomereitplc_CapitalisedCostsClassifiedAsInvestingActivities" order="25" xlink:arcrole="https://xbrl.org/2023/arcrole/summation-item" priority="1" weight="-1.0" />
    <calculationArc xlink:type="arc" xlink:from="ifrs-full_CashFlowsFromUsedInInvestingActivities" xlink:to="ifrs-full_ProceedsFromSalesOfInvestmentProperty" order="25" xlink:arcrole="https://xbrl.org/2023/arcrole/summation-item" priority="1" weight="1.0" />
    <calculationArc xlink:type="arc" xlink:from="ifrs-full_CashFlowsFromUsedInInvestingActivities" xlink:to="ifrs-full_InterestReceivedClassifiedAsInvestingActivities" order="25" xlink:arcrole="https://xbrl.org/2023/arcrole/summation-item" priority="1" weight="1.0" />
    <calculationArc xlink:type="arc" xlink:from="ifrs-full_CashFlowsFromUsedInInvestingActivities" xlink:to="ifrs-full_ProceedsFromSalesOrMaturityOfFinancialAssetsMeasuredAtAmortisedCostClassifiedAsInvestingActivities" order="25" xlink:arcrole="https://xbrl.org/2023/arcrole/summation-item" priority="1" weight="1.0" />
    <calculationArc xlink:type="arc" xlink:from="ifrs-full_CashFlowsFromUsedInInvestingActivities" xlink:to="ifrs-full_OtherCashPaymentsToAcquireInterestsInJointVenturesClassifiedAsInvestingActivities" order="25" xlink:arcrole="https://xbrl.org/2023/arcrole/summation-item" priority="1" weight="-1.0" />
    <calculationArc xlink:type="arc" xlink:from="ifrs-full_CashFlowsFromUsedInInvestingActivities" xlink:to="ifrs-full_OtherCashReceiptsFromSalesOfInterestsInJointVenturesClassifiedAsInvestingActivities" order="25" xlink:arcrole="https://xbrl.org/2023/arcrole/summation-item" priority="1" weight="1.0" />
    <calculationArc xlink:type="arc" xlink:from="ifrs-full_CashFlowsFromUsedInFinancingActivities" xlink:to="ifrs-full_ProceedsFromBorrowingsClassifiedAsFinancingActivities" order="35" xlink:arcrole="https://xbrl.org/2023/arcrole/summation-item" priority="1" weight="1.0" />
    <calculationArc xlink:type="arc" xlink:from="ifrs-full_CashFlowsFromUsedInFinancingActivities" xlink:to="ifrs-full_RepaymentsOfBorrowingsClassifiedAsFinancingActivities" order="35" xlink:arcrole="https://xbrl.org/2023/arcrole/summation-item" priority="1" weight="-1.0" />
    <calculationArc xlink:type="arc" xlink:from="ifrs-full_CashFlowsFromUsedInFinancingActivities" xlink:to="supermarketincomereitplc_LoanArrangementFeesPaidClassifiedAsFinancingActivities" order="35" xlink:arcrole="https://xbrl.org/2023/arcrole/summation-item" priority="1" weight="-1.0" />
    <calculationArc xlink:type="arc" xlink:from="ifrs-full_CashFlowsFromUsedInFinancingActivities" xlink:to="ifrs-full_InterestPaidClassifiedAsFinancingActivities" order="35" xlink:arcrole="https://xbrl.org/2023/arcrole/summation-item" priority="1" weight="-1.0" />
    <calculationArc xlink:type="arc" xlink:from="ifrs-full_CashFlowsFromUsedInFinancingActivities" xlink:to="supermarketincomereitplc_SettlementOfInterestRateDerivativesClassifiedAsFinancingActivities" order="35" xlink:arcrole="https://xbrl.org/2023/arcrole/summation-item" priority="1" weight="1.0" />
    <calculationArc xlink:type="arc" xlink:from="ifrs-full_CashFlowsFromUsedInFinancingActivities" xlink:to="supermarketincomereitplc_SaleOfInterestRateDerivativesClassifiedAsFinancingActivities" order="35" xlink:arcrole="https://xbrl.org/2023/arcrole/summation-item" priority="1" weight="1.0" />
    <calculationArc xlink:type="arc" xlink:from="ifrs-full_CashFlowsFromUsedInFinancingActivities" xlink:to="supermarketincomereitplc_PurchaseOfInterestRateDerivativeClassifiedAsFinancingActivities" order="35" xlink:arcrole="https://xbrl.org/2023/arcrole/summation-item" priority="1" weight="-1.0" />
    <calculationArc xlink:type="arc" xlink:from="ifrs-full_CashFlowsFromUsedInFinancingActivities" xlink:to="supermarketincomereitplc_BankCommitmentFeesPaidClassifiedAsFinancingActivities" order="35" xlink:arcrole="https://xbrl.org/2023/arcrole/summation-item" priority="1" weight="-1.0" />
    <calculationArc xlink:type="arc" xlink:from="ifrs-full_CashFlowsFromUsedInFinancingActivities" xlink:to="ifrs-full_DividendsPaidClassifiedAsFinancingActivities" order="35" xlink:arcrole="https://xbrl.org/2023/arcrole/summation-item" priority="1" weight="-1.0" />
    <calculationArc xlink:type="arc" xlink:from="ifrs-full_IncreaseDecreaseInCashAndCashEquivalents" xlink:to="ifrs-full_CashFlowsFromUsedInFinancingActivities" order="36" xlink:arcrole="https://xbrl.org/2023/arcrole/summation-item" priority="1" weight="1.0" />
    <calculationArc xlink:type="arc" xlink:from="ifrs-full_IncreaseDecreaseInCashAndCashEquivalents" xlink:to="ifrs-full_CashFlowsFromUsedInInvestingActivities" order="36" xlink:arcrole="https://xbrl.org/2023/arcrole/summation-item" priority="1" weight="1.0" />
    <calculationArc xlink:type="arc" xlink:from="ifrs-full_IncreaseDecreaseInCashAndCashEquivalents" xlink:to="ifrs-full_CashFlowsFromUsedInOperatingActivities" order="36" xlink:arcrole="https://xbrl.org/2023/arcrole/summation-item" priority="1" weight="1.0" />
    <calculationArc xlink:type="arc" xlink:from="ifrs-full_CashFlowsFromUsedInOperationsBeforeChangesInWorkingCapital" xlink:to="ifrs-full_ProfitLoss" order="12" xlink:arcrole="https://xbrl.org/2023/arcrole/summation-item" priority="1" weight="1.0" />
    <calculationArc xlink:type="arc" xlink:from="ifrs-full_CashFlowsFromUsedInOperationsBeforeChangesInWorkingCapital" xlink:to="ifrs-full_AdjustmentsForIncomeTaxExpense" order="12" xlink:arcrole="https://xbrl.org/2023/arcrole/summation-item" priority="1" weight="1.0" />
    <calculationArc xlink:type="arc" xlink:from="ifrs-full_CashFlowsFromUsedInOperationsBeforeChangesInWorkingCapital" xlink:to="ifrs-full_AdjustmentsForGainsLossesOnChangeInFairValueOfDerivatives" order="12" xlink:arcrole="https://xbrl.org/2023/arcrole/summation-item" priority="1" weight="-1.0" />
    <calculationArc xlink:type="arc" xlink:from="ifrs-full_CashFlowsFromUsedInOperationsBeforeChangesInWorkingCapital" xlink:to="ifrs-full_AdjustmentsForGainsLossesOnFairValueAdjustmentInvestmentProperty" order="12" xlink:arcrole="https://xbrl.org/2023/arcrole/summation-item" priority="1" weight="-1.0" />
    <calculationArc xlink:type="arc" xlink:from="ifrs-full_CashFlowsFromUsedInOperationsBeforeChangesInWorkingCapital" xlink:to="supermarketincomereitplc_AdjustmentsForMovementInRentSmoothingAndLeaseIncentiveAdjustments" order="12" xlink:arcrole="https://xbrl.org/2023/arcrole/summation-item" priority="1" weight="-1.0" />
    <calculationArc xlink:type="arc" xlink:from="ifrs-full_CashFlowsFromUsedInOperationsBeforeChangesInWorkingCapital" xlink:to="ifrs-full_AdjustmentsForAmortisationExpense" order="12" xlink:arcrole="https://xbrl.org/2023/arcrole/summation-item" priority="1" weight="1.0" />
    <calculationArc xlink:type="arc" xlink:from="ifrs-full_CashFlowsFromUsedInOperationsBeforeChangesInWorkingCapital" xlink:to="ifrs-full_AdjustmentsForFinanceIncome" order="12" xlink:arcrole="https://xbrl.org/2023/arcrole/summation-item" priority="1" weight="-1.0" />
    <calculationArc xlink:type="arc" xlink:from="ifrs-full_CashFlowsFromUsedInOperationsBeforeChangesInWorkingCapital" xlink:to="ifrs-full_AdjustmentsForFinanceCosts" order="12" xlink:arcrole="https://xbrl.org/2023/arcrole/summation-item" priority="1" weight="1.0" />
    <calculationArc xlink:type="arc" xlink:from="ifrs-full_CashFlowsFromUsedInOperationsBeforeChangesInWorkingCapital" xlink:to="ifrs-full_AdjustmentsForUndistributedProfitsOfInvestmentsAccountedForUsingEquityMethod" order="12" xlink:arcrole="https://xbrl.org/2023/arcrole/summation-item" priority="1" weight="-1.0" />
    <calculationArc xlink:type="arc" xlink:from="ifrs-full_CashFlowsFromUsedInOperationsBeforeChangesInWorkingCapital" xlink:to="ifrs-full_AdjustmentsForLossesGainsOnDisposalOfNoncurrentAssets" order="12" xlink:arcrole="https://xbrl.org/2023/arcrole/summation-item" priority="1" weight="1.0" />
    <calculationArc xlink:type="arc" xlink:from="ifrs-full_CashFlowsFromUsedInOperationsBeforeChangesInWorkingCapital" xlink:to="ifrs-full_AdjustmentsForSharebasedPayments" order="12" xlink:arcrole="https://xbrl.org/2023/arcrole/summation-item" priority="1" weight="1.0" />
    <calculationArc xlink:type="arc" xlink:from="ifrs-full_CashFlowsFromUsedInOperationsBeforeChangesInWorkingCapital" xlink:to="ifrs-full_AdjustmentsForUnrealisedForeignExchangeLossesGains" order="12" xlink:arcrole="https://xbrl.org/2023/arcrole/summation-item" priority="1" weight="1.0" />
  </calculationLink>
</linkbase>