﻿<?xml version="1.0" encoding="utf-8"?>
<tp:taxonomyPackage xml:lang="en" xmlns:tp="http://xbrl.org/2016/taxonomy-package" xmlns:xsi="http://www.w3.org/2001/XMLSchema-instance" xsi:schemaLocation="http://xbrl.org/2016/taxonomy-package http://www.xbrl.org/2016/taxonomy-package.xsd">
  <tp:identifier>http://dfsfurnitureplc.com/xbrl/2024/20250629 (E125DBDC)</tp:identifier>
  <tp:name>2024-12-31_DFSFURNITUREPLC_report</tp:name>
  <tp:description>XBRL Taxonomy prepared for the European Standard Electronic Format</tp:description>
  <tp:version>2025-06-29</tp:version>
  <tp:publisher>DFS FURNITURE PLC</tp:publisher>
  <tp:publisherURL>http://dfsfurnitureplc.com/xbrl/2024</tp:publisherURL>
  <tp:publisherCountry>GB</tp:publisherCountry>
  <tp:publicationDate>2025-10-14</tp:publicationDate>
  <tp:entryPoints>
    <tp:entryPoint>
      <tp:name>DFS FURNITURE PLC XBRL Taxonomy for 2025-06-29</tp:name>
      <tp:description>DFS FURNITURE PLC XBRL report for 2025-06-29</tp:description>
      <tp:entryPointDocument href="http://dfsfurnitureplc.com/xbrl/2024/213800GDSOBNKS1U1P93-2025-06-29.xsd" />
      <tp:entryPointDocument href="https://www.esma.europa.eu/taxonomy/2022-03-24/esef_cor-lab-en.xml" />
      <tp:entryPointDocument href="https://www.esma.europa.eu/taxonomy/2022-03-24/esef_cor-gen-en.xml" />
      <tp:languages>
        <tp:language>en</tp:language>
      </tp:languages>
    </tp:entryPoint>
  </tp:entryPoints>
</tp:taxonomyPackage>